gas_param,client_name,runtime_ms,pvalue,conf_int_low,conf_int_high,test_name,target_opcode,model_coef_name,source_label,glue_adjustment,rsquared,rsquared_adj,param_account_mode,param_existing_slots,param_opcode,new_gas_decimal,new_gas_rounded,poor_fit,is_winner,selected_test,selected_opcode,selected_model_coef_name
COLD_STORAGE_ACCESS,besu,0.00712054561805842,0.001,0.0069524486266876444,0.0072905399382376165,test_sload_bloated,SLOAD,target_coef,presets[cold_storage_sload],0.0,0.9600806384039479,0.959962882175051,,False,,712.054561805842,713,False,False,test_sload_bloated,SLOAD,target_coef
COLD_STORAGE_ACCESS,besu,0.015862823550456883,0.001,0.015301837819285917,0.016441637413254738,test_sload_bloated,SLOAD,target_coef,presets[cold_storage_sload],0.0,0.9037276092180625,0.9034436198647234,,True,,1586.2823550456883,1587,False,False,test_sload_bloated,SLOAD,target_coef
COLD_STORAGE_ACCESS,besu,0.007232082801439327,0.001,0.006735805674113974,0.007707808807168576,test_sstore_bloated,SSTORE,target_coef,presets[cold_storage_sstore_access],0.0,0.6996017331169343,0.6987156025361583,,False,,723.2082801439327,724,False,False,test_sstore_bloated,SSTORE,target_coef
COLD_STORAGE_ACCESS,besu,0.017232465987196112,0.001,0.016575143218153156,0.017865182871164353,test_sstore_bloated,SSTORE,target_coef,presets[cold_storage_sstore_access],0.0,0.8955542513291038,0.8952461517755024,,True,,1723.2465987196113,1724,False,True,test_sstore_bloated,SSTORE,target_coef
COLD_STORAGE_ACCESS,erigon,0.006256332875731943,0.001,0.00619091195583515,0.0063226249458952595,test_sload_bloated,SLOAD,target_coef,presets[cold_storage_sload],0.0,0.9949495561195647,0.994920530580022,,False,,625.6332875731944,626,False,True,test_sload_bloated,SLOAD,target_coef
COLD_STORAGE_ACCESS,erigon,0.005820337548942436,0.001,0.005726317863436998,0.005926421494222044,test_sload_bloated,SLOAD,target_coef,presets[cold_storage_sload],0.0,0.9870274477655476,0.9869528928676484,,True,,582.0337548942435,583,False,False,test_sload_bloated,SLOAD,target_coef
COLD_STORAGE_ACCESS,erigon,0.006212379455970649,0.001,0.006141119702636293,0.006290749593503257,test_sstore_bloated,SSTORE,target_coef,presets[cold_storage_sstore_access],0.0,0.9944178267196491,0.9943857452640149,,False,,621.2379455970649,622,False,False,test_sstore_bloated,SSTORE,target_coef
COLD_STORAGE_ACCESS,erigon,0.0056927400528847495,0.001,0.005585228750841764,0.005793731351785329,test_sstore_bloated,SSTORE,target_coef,presets[cold_storage_sstore_access],0.0,0.9820223409587101,0.9819190210791625,,True,,569.274005288475,570,False,False,test_sstore_bloated,SSTORE,target_coef
COLD_STORAGE_ACCESS,ethrex,0.0075635562965049976,0.001,0.007340105899850531,0.007747488442627334,test_sload_bloated,SLOAD,target_coef,presets[cold_storage_sload],0.0,0.8907016697525464,0.8895748828427789,,False,,756.3556296504997,757,False,False,test_sload_bloated,SLOAD,target_coef
COLD_STORAGE_ACCESS,ethrex,0.03357872639871647,0.001,0.03300378571044002,0.034108180255577124,test_sload_bloated,SLOAD,target_coef,presets[cold_storage_sload],0.0,0.9921198484437643,0.9920386097679268,,True,,3357.872639871647,3358,False,True,test_sload_bloated,SLOAD,target_coef
COLD_STORAGE_ACCESS,ethrex,0.007341385294721711,0.001,0.0071275701127506575,0.007544089592462501,test_sstore_bloated,SSTORE,target_coef,presets[cold_storage_sstore_access],0.0,0.8915560119739573,0.8904380327159569,,False,,734.1385294721711,735,False,False,test_sstore_bloated,SSTORE,target_coef
COLD_STORAGE_ACCESS,ethrex,0.03308853077266683,0.001,0.032505316192087574,0.033618769005260986,test_sstore_bloated,SSTORE,target_coef,presets[cold_storage_sstore_access],0.0,0.9935274155156764,0.9934606878405803,,True,,3308.853077266683,3309,False,False,test_sstore_bloated,SSTORE,target_coef
COLD_STORAGE_ACCESS,nethermind,0.003612426772926284,0.001,0.003447125976627537,0.0037712080488466445,test_sload_bloated,SLOAD,target_coef,presets[cold_storage_sload],0.0,0.8756642011371664,0.8751896370193692,,False,,361.2426772926284,362,False,False,test_sload_bloated,SLOAD,target_coef
COLD_STORAGE_ACCESS,nethermind,0.024671784594708653,0.001,0.021831436871594504,0.02742289000581485,test_sload_bloated,SLOAD,target_coef,presets[cold_storage_sload],0.0,0.5292523458872929,0.5274555991158703,,True,,2467.178459470865,2468,False,False,test_sload_bloated,SLOAD,target_coef
COLD_STORAGE_ACCESS,nethermind,0.0034786602640425376,0.001,0.003286352033451531,0.003668588792142822,test_sstore_bloated,SSTORE,target_coef,presets[cold_storage_sstore_access],0.0,0.833722376147077,0.833087728727791,,False,,347.8660264042537,348,False,False,test_sstore_bloated,SSTORE,target_coef
COLD_STORAGE_ACCESS,nethermind,0.025528909065874593,0.001,0.022655360699011067,0.02827470559351792,test_sstore_bloated,SSTORE,target_coef,presets[cold_storage_sstore_access],0.0,0.5428751868976218,0.5411304357025746,,True,,2552.890906587459,2553,False,True,test_sstore_bloated,SSTORE,target_coef
COLD_STORAGE_ACCESS,reth,0.0013018895395992315,0.001,0.0012699152265063895,0.0013332207919026745,test_sload_bloated,SLOAD,target_coef,presets[cold_storage_sload],0.0,0.9480455064228807,0.9479297948558938,,False,,130.18895395992314,131,False,False,test_sload_bloated,SLOAD,target_coef
COLD_STORAGE_ACCESS,reth,0.0014395990842198752,0.001,0.0014069979947118813,0.0014716931427350554,test_sload_bloated,SLOAD,target_coef,presets[cold_storage_sload],0.0,0.9583436320435257,0.9582508561683443,,True,,143.95990842198754,144,False,False,test_sload_bloated,SLOAD,target_coef
COLD_STORAGE_ACCESS,reth,0.0013193625207533555,0.001,0.0012940830196585043,0.001346154757692205,test_sstore_bloated,SSTORE,target_coef,presets[cold_storage_sstore_access],0.0,0.9558052819332175,0.955706852717033,,False,,131.93625207533557,132,False,False,test_sstore_bloated,SSTORE,target_coef
COLD_STORAGE_ACCESS,reth,0.0014780840182308712,0.001,0.0014535281836650015,0.0015002977536040935,test_sstore_bloated,SSTORE,target_coef,presets[cold_storage_sstore_access],0.0,0.9707317692339802,0.9706665838647909,,True,,147.80840182308714,148,False,True,test_sstore_bloated,SSTORE,target_coef
COLD_STORAGE_WRITE,besu,0.10505871301610052,0.001,0.0814172712259473,0.1298530766577269,test_sstore_bloated,SSTORE,target_coef,presets[cold_storage_sstore_write],0.0,0.15242972983586844,0.14992952254924852,,False,,10505.871301610052,10506,True,False,test_sstore_bloated,SSTORE,target_coef
COLD_STORAGE_WRITE,besu,0.10219024635470576,0.001,0.09875413085876175,0.1059941455524195,test_sstore_bloated,SSTORE,target_coef,presets[cold_storage_sstore_write],0.0,0.9204218520249342,0.9201871082255977,,True,,10219.024635470576,10220,False,True,test_sstore_bloated,SSTORE,target_coef
COLD_STORAGE_WRITE,erigon,1.037737643973085,0.001,0.9376553623261076,1.1218477762262724,test_sstore_bloated,SSTORE,target_coef,presets[cold_storage_sstore_write],0.0,0.726928169626206,0.7253587912907244,,False,,103773.76439730849,103774,False,True,test_sstore_bloated,SSTORE,target_coef
COLD_STORAGE_WRITE,erigon,0.56554156591457,0.001,0.5593866798351192,0.5720013679600319,test_sstore_bloated,SSTORE,target_coef,presets[cold_storage_sstore_write],0.0,0.9946013685825351,0.9945703419651933,,True,,56554.156591457,56555,False,False,test_sstore_bloated,SSTORE,target_coef
COLD_STORAGE_WRITE,ethrex,0.33393442244706595,0.001,0.32967255497189807,0.33805372166938735,test_sstore_bloated,SSTORE,target_coef,presets[cold_storage_sstore_write],0.0,0.9964214147288332,0.9963845220971717,,False,,33393.442244706595,33394,False,True,test_sstore_bloated,SSTORE,target_coef
COLD_STORAGE_WRITE,ethrex,0.2652157624404704,0.001,0.26290422469532687,0.26773915057745173,test_sstore_bloated,SSTORE,target_coef,presets[cold_storage_sstore_write],0.0,0.9982213454113484,0.9982030087661046,,True,,26521.576244047043,26522,False,False,test_sstore_bloated,SSTORE,target_coef
COLD_STORAGE_WRITE,nethermind,0.07107420338939927,0.001,0.06534931116694613,0.0766088943779316,test_sstore_bloated,SSTORE,target_coef,presets[cold_storage_sstore_write],0.0,0.68409966881708,0.6828939423621834,,False,,7107.420338939926,7108,False,True,test_sstore_bloated,SSTORE,target_coef
COLD_STORAGE_WRITE,nethermind,0.05539383584834042,0.001,0.052462977586170356,0.05845698658660528,test_sstore_bloated,SSTORE,target_coef,presets[cold_storage_sstore_write],0.0,0.838050029596575,0.8374318999385467,,True,,5539.383584834042,5540,False,False,test_sstore_bloated,SSTORE,target_coef
COLD_STORAGE_WRITE,reth,0.009334205370353532,0.085,0.0,0.02371801666309176,test_sstore_bloated,SSTORE,target_coef,presets[cold_storage_sstore_write],0.0,0.007197495505386731,0.004986354069986709,,False,,933.4205370353533,934,True,False,test_sstore_bloated,SSTORE,target_coef
COLD_STORAGE_WRITE,reth,0.14770822821045237,0.001,0.1464712230252065,0.14892487894616482,test_sstore_bloated,SSTORE,target_coef,presets[cold_storage_sstore_write],0.0,0.9926079848948335,0.9925915216095214,,True,,14770.822821045236,14771,False,True,test_sstore_bloated,SSTORE,target_coef
COLD_ACCOUNT_NOCODE_ACCESS,besu,0.009457413150121899,0.001,0.00889859267258424,0.01005832584499314,test_account_access,BALANCE,target_coef,presets[cold_account_nocode_access],0.0,0.8259040080396309,0.8253904505412227,AccountMode.EXISTING_EOA,,BALANCE,945.74131501219,946,False,False,test_account_access,BALANCE,target_coef
COLD_ACCOUNT_NOCODE_ACCESS,besu,0.009516586668496575,0.001,0.009207222311765958,0.009856744276280083,test_account_access,BALANCE,target_coef,presets[cold_account_nocode_access],0.0,0.9177522033661493,0.9175095844970229,AccountMode.NON_EXISTING_ACCOUNT,,BALANCE,951.6586668496574,952,False,False,test_account_access,BALANCE,target_coef
COLD_ACCOUNT_NOCODE_ACCESS,besu,0.011011306781283444,0.001,0.01046821205834494,0.011620336369354643,test_account_access,CALL,target_coef,presets[cold_account_nocode_access],0.0,0.8593286420072164,0.8589136822491256,AccountMode.EXISTING_EOA,,CALL,1101.1306781283445,1102,False,False,test_account_access,CALL,target_coef
COLD_ACCOUNT_NOCODE_ACCESS,besu,0.011675744644443023,0.001,0.011253916751785676,0.012115788337091577,test_account_access,CALL,target_coef,presets[cold_account_nocode_access],0.0,0.9073489538410013,0.9070756469201784,AccountMode.NON_EXISTING_ACCOUNT,,CALL,1167.5744644443023,1168,False,False,test_account_access,CALL,target_coef
COLD_ACCOUNT_NOCODE_ACCESS,besu,0.010226122084868389,0.001,0.009686819838941709,0.010757600300865864,test_account_access,CALLCODE,target_coef,presets[cold_account_nocode_access],0.0,0.8425208150029868,0.842056274634264,AccountMode.EXISTING_EOA,,CALLCODE,1022.6122084868389,1023,False,False,test_account_access,CALLCODE,target_coef
COLD_ACCOUNT_NOCODE_ACCESS,besu,0.010373919768862951,0.001,0.009959797598138278,0.010792810409867145,test_account_access,CALLCODE,target_coef,presets[cold_account_nocode_access],0.0,0.8977924597453425,0.8974909625764497,AccountMode.NON_EXISTING_ACCOUNT,,CALLCODE,1037.3919768862952,1038,False,False,test_account_access,CALLCODE,target_coef
COLD_ACCOUNT_NOCODE_ACCESS,besu,0.009808745325967412,0.001,0.009285329879257377,0.010339320250507884,test_account_access,DELEGATECALL,target_coef,presets[cold_account_nocode_access],0.0,0.8354535030694221,0.8349681151728717,AccountMode.EXISTING_EOA,,DELEGATECALL,980.8745325967412,981,False,False,test_account_access,DELEGATECALL,target_coef
COLD_ACCOUNT_NOCODE_ACCESS,besu,0.010559311867942456,0.001,0.01019730677793711,0.01090636168093781,test_account_access,DELEGATECALL,target_coef,presets[cold_account_nocode_access],0.0,0.9112450595068112,0.9109832455230555,AccountMode.NON_EXISTING_ACCOUNT,,DELEGATECALL,1055.9311867942456,1056,False,False,test_account_access,DELEGATECALL,target_coef
COLD_ACCOUNT_NOCODE_ACCESS,besu,0.00043601671618734316,0.001,0.00041494430400906054,0.00045578104815088003,test_account_access,EXTCODECOPY,target_coef,presets[cold_account_nocode_access],0.0,0.8317881313147505,0.8312919311121392,AccountMode.NON_EXISTING_ACCOUNT,,EXTCODECOPY,43.60167161873432,44,False,False,test_account_access,EXTCODECOPY,target_coef
COLD_ACCOUNT_NOCODE_ACCESS,besu,0.009268012582419714,0.001,0.008895716535912718,0.009684050447619719,test_account_access,EXTCODEHASH,target_coef,presets[cold_account_nocode_access],0.0,0.8991616841581537,0.8988642259993281,AccountMode.NON_EXISTING_ACCOUNT,,EXTCODEHASH,926.8012582419714,927,False,False,test_account_access,EXTCODEHASH,target_coef
COLD_ACCOUNT_NOCODE_ACCESS,besu,0.009378463300970826,0.001,0.00900926937309478,0.009788279835943974,test_account_access,EXTCODESIZE,target_coef,presets[cold_account_nocode_access],0.0,0.8942460675616483,0.8939341090588803,AccountMode.NON_EXISTING_ACCOUNT,,EXTCODESIZE,937.8463300970826,938,False,False,test_account_access,EXTCODESIZE,target_coef
COLD_ACCOUNT_NOCODE_ACCESS,besu,0.010741622982428263,0.001,0.010224515414446776,0.01127979080916919,test_account_access,STATICCALL,target_coef,presets[cold_account_nocode_access],0.0,0.8564916314979555,0.8560683029773005,AccountMode.EXISTING_EOA,,STATICCALL,1074.1622982428262,1075,False,False,test_account_access,STATICCALL,target_coef
COLD_ACCOUNT_NOCODE_ACCESS,besu,0.011693009123264295,0.001,0.011242723038653197,0.012167212135438215,test_account_access,STATICCALL,target_coef,presets[cold_account_nocode_access],0.0,0.9068761054774493,0.9066014037236955,AccountMode.NON_EXISTING_ACCOUNT,,STATICCALL,1169.3009123264294,1170,False,True,test_account_access,STATICCALL,target_coef
COLD_ACCOUNT_NOCODE_ACCESS,erigon,0.009897639963544438,0.001,0.009799798214898608,0.009994904379470806,test_account_access,BALANCE,target_coef,presets[cold_account_nocode_access],0.0,0.995621671264296,0.9955965084554701,AccountMode.EXISTING_EOA,,BALANCE,989.7639963544439,990,False,False,test_account_access,BALANCE,target_coef
COLD_ACCOUNT_NOCODE_ACCESS,erigon,0.009068787268375374,0.001,0.008990764996812768,0.00914425482612672,test_account_access,BALANCE,target_coef,presets[cold_account_nocode_access],0.0,0.9964518169189178,0.99643142506213,AccountMode.NON_EXISTING_ACCOUNT,,BALANCE,906.8787268375373,907,False,False,test_account_access,BALANCE,target_coef
COLD_ACCOUNT_NOCODE_ACCESS,erigon,0.011039201454877386,0.001,0.010927407843699301,0.011161241000297717,test_account_access,CALL,target_coef,presets[cold_account_nocode_access],0.0,0.994308791191637,0.9942760830950371,AccountMode.EXISTING_EOA,,CALL,1103.9201454877386,1104,False,False,test_account_access,CALL,target_coef
COLD_ACCOUNT_NOCODE_ACCESS,erigon,0.010079151969248261,0.001,0.009984895433190828,0.010179554418609441,test_account_access,CALL,target_coef,presets[cold_account_nocode_access],0.0,0.9957997096536044,0.9957755700539125,AccountMode.NON_EXISTING_ACCOUNT,,CALL,1007.9151969248261,1008,False,False,test_account_access,CALL,target_coef
COLD_ACCOUNT_NOCODE_ACCESS,erigon,0.010289947207606533,0.001,0.010168112057114629,0.010405816505334193,test_account_access,CALLCODE,target_coef,presets[cold_account_nocode_access],0.0,0.994445453441397,0.9944135307600257,AccountMode.EXISTING_EOA,,CALLCODE,1028.9947207606533,1029,False,False,test_account_access,CALLCODE,target_coef
COLD_ACCOUNT_NOCODE_ACCESS,erigon,0.009487506612896254,0.001,0.009406397752549077,0.009574026047972984,test_account_access,CALLCODE,target_coef,presets[cold_account_nocode_access],0.0,0.9957717357493131,0.9957474353800563,AccountMode.NON_EXISTING_ACCOUNT,,CALLCODE,948.7506612896254,949,False,False,test_account_access,CALLCODE,target_coef
COLD_ACCOUNT_NOCODE_ACCESS,erigon,0.010131862540693523,0.001,0.010035724294954742,0.010233632832171442,test_account_access,DELEGATECALL,target_coef,presets[cold_account_nocode_access],0.0,0.9950349766855238,0.9950064420687739,AccountMode.EXISTING_EOA,,DELEGATECALL,1013.1862540693523,1014,False,False,test_account_access,DELEGATECALL,target_coef
COLD_ACCOUNT_NOCODE_ACCESS,erigon,0.009556709784498974,0.001,0.009482914596791467,0.009642967244228348,test_account_access,DELEGATECALL,target_coef,presets[cold_account_nocode_access],0.0,0.9968391763837027,0.9968210107307355,AccountMode.NON_EXISTING_ACCOUNT,,DELEGATECALL,955.6709784498975,956,False,False,test_account_access,DELEGATECALL,target_coef
COLD_ACCOUNT_NOCODE_ACCESS,erigon,6.371317396394544e-05,0.001,5.8203206752629745e-05,6.91551942978106e-05,test_account_access,EXTCODECOPY,target_coef,presets[cold_account_nocode_access],0.0,0.753528174344108,0.7521116695989591,AccountMode.NON_EXISTING_ACCOUNT,,EXTCODECOPY,6.371317396394543,7,False,False,test_account_access,EXTCODECOPY,target_coef
COLD_ACCOUNT_NOCODE_ACCESS,erigon,0.008626606504865963,0.001,0.008560475121038092,0.008692334301321122,test_account_access,EXTCODEHASH,target_coef,presets[cold_account_nocode_access],0.0,0.9970312706609619,0.9970142089980938,AccountMode.NON_EXISTING_ACCOUNT,,EXTCODEHASH,862.6606504865964,863,False,False,test_account_access,EXTCODEHASH,target_coef
COLD_ACCOUNT_NOCODE_ACCESS,erigon,0.008806937945190826,0.001,0.008712845674021443,0.00891196457231632,test_account_access,EXTCODESIZE,target_coef,presets[cold_account_nocode_access],0.0,0.995574921096882,0.995549489608933,AccountMode.NON_EXISTING_ACCOUNT,,EXTCODESIZE,880.6937945190825,881,False,False,test_account_access,EXTCODESIZE,target_coef
COLD_ACCOUNT_NOCODE_ACCESS,erigon,0.010318890233893745,0.001,0.010218598636050331,0.01041376341252333,test_account_access,STATICCALL,target_coef,presets[cold_account_nocode_access],0.0,0.9957528006114245,0.9957283914195361,AccountMode.EXISTING_EOA,,STATICCALL,1031.8890233893744,1032,False,False,test_account_access,STATICCALL,target_coef
COLD_ACCOUNT_NOCODE_ACCESS,erigon,0.011865833243190946,0.001,0.011739105943449107,0.011934922199660265,test_account_access,STATICCALL,target_coef,presets[cold_account_nocode_access],0.0,0.9952200644492497,0.9951925935552799,AccountMode.NON_EXISTING_ACCOUNT,,STATICCALL,1186.5833243190946,1187,False,True,test_account_access,STATICCALL,target_coef
COLD_ACCOUNT_NOCODE_ACCESS,ethrex,0.02424545637325076,0.001,0.023336931002606396,0.025122846539808074,test_account_access,BALANCE,target_coef,presets[cold_account_nocode_access],0.0,0.9747805972686515,0.9745206034260603,AccountMode.EXISTING_EOA,,BALANCE,2424.545637325076,2425,False,False,test_account_access,BALANCE,target_coef
COLD_ACCOUNT_NOCODE_ACCESS,ethrex,0.002636215042741847,0.001,0.002622972708822844,0.00264862621922796,test_account_access,BALANCE,target_coef,presets[cold_account_nocode_access],0.0,0.9944690538346691,0.994412033771109,AccountMode.NON_EXISTING_ACCOUNT,,BALANCE,263.6215042741847,264,False,False,test_account_access,BALANCE,target_coef
COLD_ACCOUNT_NOCODE_ACCESS,ethrex,0.024462104811240983,0.001,0.023406265875816106,0.025436236753754584,test_account_access,CALL,target_coef,presets[cold_account_nocode_access],0.0,0.9712149877435422,0.9709182350398674,AccountMode.EXISTING_EOA,,CALL,2446.2104811240984,2447,False,False,test_account_access,CALL,target_coef
COLD_ACCOUNT_NOCODE_ACCESS,ethrex,0.0026565416225308057,0.001,0.0026169060902395437,0.0026953045213652196,test_account_access,CALL,target_coef,presets[cold_account_nocode_access],0.0,0.995078525487124,0.9950277886364759,AccountMode.NON_EXISTING_ACCOUNT,,CALL,265.6541622530806,266,False,False,test_account_access,CALL,target_coef
COLD_ACCOUNT_NOCODE_ACCESS,ethrex,0.02435166075821145,0.001,0.023380947662186093,0.025255106500741743,test_account_access,CALLCODE,target_coef,presets[cold_account_nocode_access],0.0,0.9736867975743954,0.9734155274462963,AccountMode.EXISTING_EOA,,CALLCODE,2435.166075821145,2436,False,False,test_account_access,CALLCODE,target_coef
COLD_ACCOUNT_NOCODE_ACCESS,ethrex,0.0026601146956098955,0.001,0.002617645886994934,0.0027006719263328776,test_account_access,CALLCODE,target_coef,presets[cold_account_nocode_access],0.0,0.9943768796293844,0.9943189093162852,AccountMode.NON_EXISTING_ACCOUNT,,CALLCODE,266.01146956098955,267,False,False,test_account_access,CALLCODE,target_coef
COLD_ACCOUNT_NOCODE_ACCESS,ethrex,0.024797415754342262,0.001,0.023941110256404476,0.02577860623195151,test_account_access,DELEGATECALL,target_coef,presets[cold_account_nocode_access],0.0,0.9747965022089857,0.9745366723348515,AccountMode.EXISTING_EOA,,DELEGATECALL,2479.741575434226,2480,False,True,test_account_access,DELEGATECALL,target_coef
COLD_ACCOUNT_NOCODE_ACCESS,ethrex,0.002683881870870122,0.001,0.002642393155283418,0.002712621418351803,test_account_access,DELEGATECALL,target_coef,presets[cold_account_nocode_access],0.0,0.9954575511544841,0.9954107217849427,AccountMode.NON_EXISTING_ACCOUNT,,DELEGATECALL,268.3881870870122,269,False,False,test_account_access,DELEGATECALL,target_coef
COLD_ACCOUNT_NOCODE_ACCESS,ethrex,2.4851952376043825e-05,0.001,2.2294844022454887e-05,2.751934647476585e-05,test_account_access,EXTCODECOPY,target_coef,presets[cold_account_nocode_access],0.0,0.7506883982136974,0.7481181755148695,AccountMode.NON_EXISTING_ACCOUNT,,EXTCODECOPY,2.4851952376043824,3,False,False,test_account_access,EXTCODECOPY,target_coef
COLD_ACCOUNT_NOCODE_ACCESS,ethrex,0.002632614107272335,0.001,0.002611837726775583,0.00264481950642918,test_account_access,EXTCODEHASH,target_coef,presets[cold_account_nocode_access],0.0,0.9944572921459711,0.9944001508278884,AccountMode.NON_EXISTING_ACCOUNT,,EXTCODEHASH,263.2614107272335,264,False,False,test_account_access,EXTCODEHASH,target_coef
COLD_ACCOUNT_NOCODE_ACCESS,ethrex,0.002627474971313217,0.001,0.0026065969889058583,0.0026380308228537864,test_account_access,EXTCODESIZE,target_coef,presets[cold_account_nocode_access],0.0,0.9958178761215251,0.9957747614423655,AccountMode.NON_EXISTING_ACCOUNT,,EXTCODESIZE,262.7474971313217,263,False,False,test_account_access,EXTCODESIZE,target_coef
COLD_ACCOUNT_NOCODE_ACCESS,ethrex,0.024757440535670517,0.001,0.023806785983215943,0.02581452322503887,test_account_access,STATICCALL,target_coef,presets[cold_account_nocode_access],0.0,0.9713943522336316,0.9710994486484112,AccountMode.EXISTING_EOA,,STATICCALL,2475.744053567052,2476,False,False,test_account_access,STATICCALL,target_coef
COLD_ACCOUNT_NOCODE_ACCESS,ethrex,0.002658528442335258,0.001,0.002618623443172585,0.002700171350939129,test_account_access,STATICCALL,target_coef,presets[cold_account_nocode_access],0.0,0.9952347727883936,0.9951856467346657,AccountMode.NON_EXISTING_ACCOUNT,,STATICCALL,265.8528442335258,266,False,False,test_account_access,STATICCALL,target_coef
COLD_ACCOUNT_NOCODE_ACCESS,nethermind,0.00369847978702095,0.001,0.0035552935707662257,0.003841662531720149,test_account_access,BALANCE,target_coef,presets[cold_account_nocode_access],0.0,0.9048905405096517,0.90452752730549,AccountMode.EXISTING_EOA,,BALANCE,369.84797870209496,370,False,False,test_account_access,BALANCE,target_coef
COLD_ACCOUNT_NOCODE_ACCESS,nethermind,0.003523771482838734,0.001,0.0033709839658735774,0.003659865411986655,test_account_access,BALANCE,target_coef,presets[cold_account_nocode_access],0.0,0.9286019860104312,0.9283294745066543,AccountMode.NON_EXISTING_ACCOUNT,,BALANCE,352.3771482838734,353,False,False,test_account_access,BALANCE,target_coef
COLD_ACCOUNT_NOCODE_ACCESS,nethermind,0.004605059611100433,0.001,0.004450422974804343,0.004757264864410655,test_account_access,CALL,target_coef,presets[cold_account_nocode_access],0.0,0.9330064559606024,0.9327507554108337,AccountMode.EXISTING_EOA,,CALL,460.50596111004336,461,False,False,test_account_access,CALL,target_coef
COLD_ACCOUNT_NOCODE_ACCESS,nethermind,0.004685886942803813,0.001,0.004548999357925108,0.004808277742222603,test_account_access,CALL,target_coef,presets[cold_account_nocode_access],0.0,0.9521919902210214,0.9520095169012543,AccountMode.NON_EXISTING_ACCOUNT,,CALL,468.5886942803813,469,False,False,test_account_access,CALL,target_coef
COLD_ACCOUNT_NOCODE_ACCESS,nethermind,0.004758045889302303,0.001,0.004577260971194997,0.00494120443548207,test_account_access,CALLCODE,target_coef,presets[cold_account_nocode_access],0.0,0.9145114746696356,0.9141851825882219,AccountMode.EXISTING_EOA,,CALLCODE,475.80458893023024,476,False,True,test_account_access,CALLCODE,target_coef
COLD_ACCOUNT_NOCODE_ACCESS,nethermind,0.004648519860681402,0.001,0.004495295239807651,0.004801013513438806,test_account_access,CALLCODE,target_coef,presets[cold_account_nocode_access],0.0,0.9324705349077113,0.9322127888577407,AccountMode.NON_EXISTING_ACCOUNT,,CALLCODE,464.85198606814026,465,False,False,test_account_access,CALLCODE,target_coef
COLD_ACCOUNT_NOCODE_ACCESS,nethermind,0.004681592742459563,0.001,0.0045401650177236555,0.0048237298082872025,test_account_access,DELEGATECALL,target_coef,presets[cold_account_nocode_access],0.0,0.9454820317326906,0.9452739478843422,AccountMode.EXISTING_EOA,,DELEGATECALL,468.1592742459563,469,False,False,test_account_access,DELEGATECALL,target_coef
COLD_ACCOUNT_NOCODE_ACCESS,nethermind,0.00459128806717637,0.001,0.004452345876282222,0.004738300420090823,test_account_access,DELEGATECALL,target_coef,presets[cold_account_nocode_access],0.0,0.9370971472524917,0.9368570600282646,AccountMode.NON_EXISTING_ACCOUNT,,DELEGATECALL,459.128806717637,460,False,False,test_account_access,DELEGATECALL,target_coef
COLD_ACCOUNT_NOCODE_ACCESS,nethermind,0.00036047008108445994,0.001,0.0003418480593278106,0.00037866766151791045,test_account_access,EXTCODECOPY,target_coef,presets[cold_account_nocode_access],0.0,0.8488724247972292,0.8482956019911119,AccountMode.NON_EXISTING_ACCOUNT,,EXTCODECOPY,36.04700810844599,37,False,False,test_account_access,EXTCODECOPY,target_coef
COLD_ACCOUNT_NOCODE_ACCESS,nethermind,0.0038492025060289435,0.001,0.0037170168159559687,0.00396610478391901,test_account_access,EXTCODEHASH,target_coef,presets[cold_account_nocode_access],0.0,0.9333520933072954,0.9330977119840408,AccountMode.NON_EXISTING_ACCOUNT,,EXTCODEHASH,384.9202506028943,385,False,False,test_account_access,EXTCODEHASH,target_coef
COLD_ACCOUNT_NOCODE_ACCESS,nethermind,0.003838678640751254,0.001,0.003720024362636363,0.003963716944494381,test_account_access,EXTCODESIZE,target_coef,presets[cold_account_nocode_access],0.0,0.9287341484096268,0.928462141342488,AccountMode.NON_EXISTING_ACCOUNT,,EXTCODESIZE,383.86786407512545,384,False,False,test_account_access,EXTCODESIZE,target_coef
COLD_ACCOUNT_NOCODE_ACCESS,nethermind,0.00467148217320754,0.001,0.00452249667906648,0.004795920745271991,test_account_access,STATICCALL,target_coef,presets[cold_account_nocode_access],0.0,0.9319081762635243,0.9316482838065149,AccountMode.EXISTING_EOA,,STATICCALL,467.148217320754,468,False,False,test_account_access,STATICCALL,target_coef
COLD_ACCOUNT_NOCODE_ACCESS,nethermind,0.004666375616171672,0.001,0.004507451405074249,0.0048336630631314855,test_account_access,STATICCALL,target_coef,presets[cold_account_nocode_access],0.0,0.9301294252627926,0.9298627436798261,AccountMode.NON_EXISTING_ACCOUNT,,STATICCALL,466.6375616171672,467,False,False,test_account_access,STATICCALL,target_coef
COLD_ACCOUNT_NOCODE_ACCESS,reth,0.0010913533997254621,0.001,0.001076290225210273,0.0011055889888768647,test_account_access,BALANCE,target_coef,presets[cold_account_nocode_access],0.0,0.9766914497326988,0.9766395375940189,AccountMode.EXISTING_EOA,,BALANCE,109.1353399725462,110,False,False,test_account_access,BALANCE,target_coef
COLD_ACCOUNT_NOCODE_ACCESS,reth,0.0009283444824842587,0.001,0.000912193878747662,0.0009421931564220191,test_account_access,BALANCE,target_coef,presets[cold_account_nocode_access],0.0,0.971375621117011,0.9713118697163807,AccountMode.NON_EXISTING_ACCOUNT,,BALANCE,92.83444824842587,93,False,False,test_account_access,BALANCE,target_coef
COLD_ACCOUNT_NOCODE_ACCESS,reth,0.0011391432690369945,0.001,0.0011221839099218437,0.001157685502779218,test_account_access,CALL,target_coef,presets[cold_account_nocode_access],0.0,0.9756417829849633,0.9755875330584265,AccountMode.EXISTING_EOA,,CALL,113.91432690369945,114,False,True,test_account_access,CALL,target_coef
COLD_ACCOUNT_NOCODE_ACCESS,reth,0.0009635940750397512,0.001,0.0009480972703884159,0.000980666641046238,test_account_access,CALL,target_coef,presets[cold_account_nocode_access],0.0,0.9735549257749622,0.9734960280595389,AccountMode.NON_EXISTING_ACCOUNT,,CALL,96.35940750397512,97,False,False,test_account_access,CALL,target_coef
COLD_ACCOUNT_NOCODE_ACCESS,reth,0.001128040401853894,0.001,0.0011126861141345246,0.0011435421791364268,test_account_access,CALLCODE,target_coef,presets[cold_account_nocode_access],0.0,0.9775247145913034,0.977474658276362,AccountMode.EXISTING_EOA,,CALLCODE,112.8040401853894,113,False,False,test_account_access,CALLCODE,target_coef
COLD_ACCOUNT_NOCODE_ACCESS,reth,0.0009678006115349278,0.001,0.0009519605863231351,0.000983082196909407,test_account_access,CALLCODE,target_coef,presets[cold_account_nocode_access],0.0,0.9732969894142471,0.9732375172303145,AccountMode.NON_EXISTING_ACCOUNT,,CALLCODE,96.7800611534928,97,False,False,test_account_access,CALLCODE,target_coef
COLD_ACCOUNT_NOCODE_ACCESS,reth,0.0011189403842434993,0.001,0.0011029693538726249,0.0011362093144502569,test_account_access,DELEGATECALL,target_coef,presets[cold_account_nocode_access],0.0,0.9750575500031249,0.9750019988895461,AccountMode.EXISTING_EOA,,DELEGATECALL,111.89403842434993,112,False,False,test_account_access,DELEGATECALL,target_coef
COLD_ACCOUNT_NOCODE_ACCESS,reth,0.0009567638891595972,0.001,0.0009424577767526464,0.0009690199529250212,test_account_access,DELEGATECALL,target_coef,presets[cold_account_nocode_access],0.0,0.9757018156146103,0.9756476993910349,AccountMode.NON_EXISTING_ACCOUNT,,DELEGATECALL,95.67638891595972,96,False,False,test_account_access,DELEGATECALL,target_coef
COLD_ACCOUNT_NOCODE_ACCESS,reth,1.674180183779388e-05,0.001,1.5683024660165168e-05,1.7882414446408764e-05,test_account_access,EXTCODECOPY,target_coef,presets[cold_account_nocode_access],0.0,0.7090544349442858,0.7084064492760103,AccountMode.NON_EXISTING_ACCOUNT,,EXTCODECOPY,1.674180183779388,2,False,False,test_account_access,EXTCODECOPY,target_coef
COLD_ACCOUNT_NOCODE_ACCESS,reth,0.0009116197193454333,0.001,0.0008964560643412567,0.0009264193758863181,test_account_access,EXTCODEHASH,target_coef,presets[cold_account_nocode_access],0.0,0.9664926722596485,0.9664180456945253,AccountMode.NON_EXISTING_ACCOUNT,,EXTCODEHASH,91.16197193454333,92,False,False,test_account_access,EXTCODEHASH,target_coef
COLD_ACCOUNT_NOCODE_ACCESS,reth,0.0009205357503581542,0.001,0.0009070465820386872,0.0009351605760711436,test_account_access,EXTCODESIZE,target_coef,presets[cold_account_nocode_access],0.0,0.9732238887401105,0.9731642537484403,AccountMode.NON_EXISTING_ACCOUNT,,EXTCODESIZE,92.05357503581541,93,False,False,test_account_access,EXTCODESIZE,target_coef
COLD_ACCOUNT_NOCODE_ACCESS,reth,0.0011232761539180978,0.001,0.001102694956250985,0.0011429873480429632,test_account_access,STATICCALL,target_coef,presets[cold_account_nocode_access],0.0,0.9718382367054332,0.9717755156290534,AccountMode.EXISTING_EOA,,STATICCALL,112.32761539180977,113,False,False,test_account_access,STATICCALL,target_coef
COLD_ACCOUNT_NOCODE_ACCESS,reth,0.0009756603884680407,0.001,0.000960357971747938,0.0009906950066571234,test_account_access,STATICCALL,target_coef,presets[cold_account_nocode_access],0.0,0.9728756851362858,0.9728152746354757,AccountMode.NON_EXISTING_ACCOUNT,,STATICCALL,97.56603884680406,98,False,False,test_account_access,STATICCALL,target_coef
COLD_ACCOUNT_CODE_ACCESS,besu,0.025773216936307186,0.001,0.025008360068456675,0.02654808297978377,test_account_access,BALANCE,target_coef,presets[cold_account_code_access],0.0,0.9404887056258875,0.9403131560849609,AccountMode.EXISTING_CONTRACT,,BALANCE,2577.3216936307185,2578,False,False,test_account_access,BALANCE,target_coef
COLD_ACCOUNT_CODE_ACCESS,besu,0.009516586668496575,0.001,0.009207222311765958,0.009856744276280083,test_account_access,BALANCE,target_coef,presets[cold_account_code_access],0.0,0.9177522033661493,0.9175095844970229,AccountMode.NON_EXISTING_ACCOUNT,,BALANCE,951.6586668496574,952,False,False,test_account_access,BALANCE,target_coef
COLD_ACCOUNT_CODE_ACCESS,besu,0.029900827908659215,0.001,0.029166050586048847,0.03068249333505178,test_account_access,CALL,target_coef,presets[cold_account_code_access],0.0,0.9554439044476503,0.9553124705374664,AccountMode.EXISTING_CONTRACT,,CALL,2990.082790865921,2991,False,True,test_account_access,CALL,target_coef
COLD_ACCOUNT_CODE_ACCESS,besu,0.011675744644443023,0.001,0.011253916751785676,0.012115788337091577,test_account_access,CALL,target_coef,presets[cold_account_code_access],0.0,0.9073489538410013,0.9070756469201784,AccountMode.NON_EXISTING_ACCOUNT,,CALL,1167.5744644443023,1168,False,False,test_account_access,CALL,target_coef
COLD_ACCOUNT_CODE_ACCESS,besu,0.028095477554297546,0.001,0.02727643007417692,0.028883368315473865,test_account_access,CALLCODE,target_coef,presets[cold_account_code_access],0.0,0.9455257998406631,0.9453651089847358,AccountMode.EXISTING_CONTRACT,,CALLCODE,2809.5477554297545,2810,False,False,test_account_access,CALLCODE,target_coef
COLD_ACCOUNT_CODE_ACCESS,besu,0.010373919768862951,0.001,0.009959797598138278,0.010792810409867145,test_account_access,CALLCODE,target_coef,presets[cold_account_code_access],0.0,0.8977924597453425,0.8974909625764497,AccountMode.NON_EXISTING_ACCOUNT,,CALLCODE,1037.3919768862952,1038,False,False,test_account_access,CALLCODE,target_coef
COLD_ACCOUNT_CODE_ACCESS,besu,0.02949115238531894,0.001,0.028828427717700042,0.030077090382185215,test_account_access,DELEGATECALL,target_coef,presets[cold_account_code_access],0.0,0.9627298320338267,0.9626198905354014,AccountMode.EXISTING_CONTRACT,,DELEGATECALL,2949.115238531894,2950,False,False,test_account_access,DELEGATECALL,target_coef
COLD_ACCOUNT_CODE_ACCESS,besu,0.010559311867942456,0.001,0.01019730677793711,0.01090636168093781,test_account_access,DELEGATECALL,target_coef,presets[cold_account_code_access],0.0,0.9112450595068112,0.9109832455230555,AccountMode.NON_EXISTING_ACCOUNT,,DELEGATECALL,1055.9311867942456,1056,False,False,test_account_access,DELEGATECALL,target_coef
COLD_ACCOUNT_CODE_ACCESS,besu,0.0018895738161018233,0.001,0.0017905480570801881,0.001995208627248084,test_account_access,EXTCODECOPY,target_coef,presets[cold_account_code_access],0.0,0.8242343266673161,0.8237158438551253,AccountMode.EXISTING_CONTRACT,,EXTCODECOPY,188.95738161018235,189,False,False,test_account_access,EXTCODECOPY,target_coef
COLD_ACCOUNT_CODE_ACCESS,besu,0.00043601671618734316,0.001,0.00041494430400906054,0.00045578104815088003,test_account_access,EXTCODECOPY,target_coef,presets[cold_account_code_access],0.0,0.8317881313147505,0.8312919311121392,AccountMode.NON_EXISTING_ACCOUNT,,EXTCODECOPY,43.60167161873432,44,False,False,test_account_access,EXTCODECOPY,target_coef
COLD_ACCOUNT_CODE_ACCESS,besu,0.026343666153471886,0.001,0.025611968522809857,0.027117762457618853,test_account_access,EXTCODEHASH,target_coef,presets[cold_account_code_access],0.0,0.9457457800542103,0.9455857381074675,AccountMode.EXISTING_CONTRACT,,EXTCODEHASH,2634.3666153471886,2635,False,False,test_account_access,EXTCODEHASH,target_coef
COLD_ACCOUNT_CODE_ACCESS,besu,0.009268012582419714,0.001,0.008895716535912718,0.009684050447619719,test_account_access,EXTCODEHASH,target_coef,presets[cold_account_code_access],0.0,0.8991616841581537,0.8988642259993281,AccountMode.NON_EXISTING_ACCOUNT,,EXTCODEHASH,926.8012582419714,927,False,False,test_account_access,EXTCODEHASH,target_coef
COLD_ACCOUNT_CODE_ACCESS,besu,0.026443041007377963,0.001,0.025759513660145558,0.027201858015793102,test_account_access,EXTCODESIZE,target_coef,presets[cold_account_code_access],0.0,0.9478071922391863,0.9476532311543462,AccountMode.EXISTING_CONTRACT,,EXTCODESIZE,2644.304100737796,2645,False,False,test_account_access,EXTCODESIZE,target_coef
COLD_ACCOUNT_CODE_ACCESS,besu,0.009378463300970826,0.001,0.00900926937309478,0.009788279835943974,test_account_access,EXTCODESIZE,target_coef,presets[cold_account_code_access],0.0,0.8942460675616483,0.8939341090588803,AccountMode.NON_EXISTING_ACCOUNT,,EXTCODESIZE,937.8463300970826,938,False,False,test_account_access,EXTCODESIZE,target_coef
COLD_ACCOUNT_CODE_ACCESS,besu,0.02948803249235584,0.001,0.028620439086550046,0.030264185531130295,test_account_access,STATICCALL,target_coef,presets[cold_account_code_access],0.0,0.9490284826379087,0.9488781241796135,AccountMode.EXISTING_CONTRACT,,STATICCALL,2948.8032492355837,2949,False,False,test_account_access,STATICCALL,target_coef
COLD_ACCOUNT_CODE_ACCESS,besu,0.011693009123264295,0.001,0.011242723038653197,0.012167212135438215,test_account_access,STATICCALL,target_coef,presets[cold_account_code_access],0.0,0.9068761054774493,0.9066014037236955,AccountMode.NON_EXISTING_ACCOUNT,,STATICCALL,1169.3009123264294,1170,False,False,test_account_access,STATICCALL,target_coef
COLD_ACCOUNT_CODE_ACCESS,erigon,0.03675880118850231,0.001,0.03484153515261311,0.038465074905782784,test_account_access,BALANCE,target_coef,presets[cold_account_code_access],0.0,0.8981687781955556,0.8975835412886335,AccountMode.EXISTING_CONTRACT,,BALANCE,3675.880118850231,3676,False,False,test_account_access,BALANCE,target_coef
COLD_ACCOUNT_CODE_ACCESS,erigon,0.009068787268375374,0.001,0.008990764996812768,0.00914425482612672,test_account_access,BALANCE,target_coef,presets[cold_account_code_access],0.0,0.9964518169189178,0.99643142506213,AccountMode.NON_EXISTING_ACCOUNT,,BALANCE,906.8787268375373,907,False,False,test_account_access,BALANCE,target_coef
COLD_ACCOUNT_CODE_ACCESS,erigon,0.0880871146853277,0.001,0.0825651636272053,0.09291252699391168,test_account_access,CALL,target_coef,presets[cold_account_code_access],0.0,0.8696537069566209,0.8689045903299348,AccountMode.EXISTING_CONTRACT,,CALL,8808.71146853277,8809,False,False,test_account_access,CALL,target_coef
COLD_ACCOUNT_CODE_ACCESS,erigon,0.010079151969248261,0.001,0.009984895433190828,0.010179554418609441,test_account_access,CALL,target_coef,presets[cold_account_code_access],0.0,0.9957997096536044,0.9957755700539125,AccountMode.NON_EXISTING_ACCOUNT,,CALL,1007.9151969248261,1008,False,False,test_account_access,CALL,target_coef
COLD_ACCOUNT_CODE_ACCESS,erigon,0.08827079585005679,0.001,0.08300431691142428,0.0926697486037366,test_account_access,CALLCODE,target_coef,presets[cold_account_code_access],0.0,0.8716173411484716,0.8708795097757616,AccountMode.EXISTING_CONTRACT,,CALLCODE,8827.079585005678,8828,False,True,test_account_access,CALLCODE,target_coef
COLD_ACCOUNT_CODE_ACCESS,erigon,0.009487506612896254,0.001,0.009406397752549077,0.009574026047972984,test_account_access,CALLCODE,target_coef,presets[cold_account_code_access],0.0,0.9957717357493131,0.9957474353800563,AccountMode.NON_EXISTING_ACCOUNT,,CALLCODE,948.7506612896254,949,False,False,test_account_access,CALLCODE,target_coef
COLD_ACCOUNT_CODE_ACCESS,erigon,0.0878082916663698,0.001,0.082891855790178,0.09234761786817042,test_account_access,DELEGATECALL,target_coef,presets[cold_account_code_access],0.0,0.8709428549466625,0.8702011472164709,AccountMode.EXISTING_CONTRACT,,DELEGATECALL,8780.82916663698,8781,False,False,test_account_access,DELEGATECALL,target_coef
COLD_ACCOUNT_CODE_ACCESS,erigon,0.009556709784498974,0.001,0.009482914596791467,0.009642967244228348,test_account_access,DELEGATECALL,target_coef,presets[cold_account_code_access],0.0,0.9968391763837027,0.9968210107307355,AccountMode.NON_EXISTING_ACCOUNT,,DELEGATECALL,955.6709784498975,956,False,False,test_account_access,DELEGATECALL,target_coef
COLD_ACCOUNT_CODE_ACCESS,erigon,0.0003183988642006986,0.001,0.0002953507306690112,0.0003389404732109028,test_account_access,EXTCODECOPY,target_coef,presets[cold_account_code_access],0.0,0.8493136738210683,0.8484476604522239,AccountMode.EXISTING_CONTRACT,,EXTCODECOPY,31.83988642006986,32,False,False,test_account_access,EXTCODECOPY,target_coef
COLD_ACCOUNT_CODE_ACCESS,erigon,6.371317396394544e-05,0.001,5.8203206752629745e-05,6.91551942978106e-05,test_account_access,EXTCODECOPY,target_coef,presets[cold_account_code_access],0.0,0.753528174344108,0.7521116695989591,AccountMode.NON_EXISTING_ACCOUNT,,EXTCODECOPY,6.371317396394543,7,False,False,test_account_access,EXTCODECOPY,target_coef
COLD_ACCOUNT_CODE_ACCESS,erigon,0.036314419520321564,0.001,0.034523727742193366,0.03803835880744204,test_account_access,EXTCODEHASH,target_coef,presets[cold_account_code_access],0.0,0.8968938536884267,0.8963012896291648,AccountMode.EXISTING_CONTRACT,,EXTCODEHASH,3631.441952032156,3632,False,False,test_account_access,EXTCODEHASH,target_coef
COLD_ACCOUNT_CODE_ACCESS,erigon,0.008626606504865963,0.001,0.008560475121038092,0.008692334301321122,test_account_access,EXTCODEHASH,target_coef,presets[cold_account_code_access],0.0,0.9970312706609619,0.9970142089980938,AccountMode.NON_EXISTING_ACCOUNT,,EXTCODEHASH,862.6606504865964,863,False,False,test_account_access,EXTCODEHASH,target_coef
COLD_ACCOUNT_CODE_ACCESS,erigon,0.08653308136054032,0.001,0.0814966953020809,0.09109873852461306,test_account_access,EXTCODESIZE,target_coef,presets[cold_account_code_access],0.0,0.8702187226391718,0.8694728532290521,AccountMode.EXISTING_CONTRACT,,EXTCODESIZE,8653.308136054031,8654,False,False,test_account_access,EXTCODESIZE,target_coef
COLD_ACCOUNT_CODE_ACCESS,erigon,0.008806937945190826,0.001,0.008712845674021443,0.00891196457231632,test_account_access,EXTCODESIZE,target_coef,presets[cold_account_code_access],0.0,0.995574921096882,0.995549489608933,AccountMode.NON_EXISTING_ACCOUNT,,EXTCODESIZE,880.6937945190825,881,False,False,test_account_access,EXTCODESIZE,target_coef
COLD_ACCOUNT_CODE_ACCESS,erigon,0.08817980608756769,0.001,0.08310205536218034,0.09295769550344427,test_account_access,STATICCALL,target_coef,presets[cold_account_code_access],0.0,0.8699957117776467,0.8692485606959091,AccountMode.EXISTING_CONTRACT,,STATICCALL,8817.980608756769,8818,False,False,test_account_access,STATICCALL,target_coef
COLD_ACCOUNT_CODE_ACCESS,erigon,0.011865833243190946,0.001,0.011739105943449107,0.011934922199660265,test_account_access,STATICCALL,target_coef,presets[cold_account_code_access],0.0,0.9952200644492497,0.9951925935552799,AccountMode.NON_EXISTING_ACCOUNT,,STATICCALL,1186.5833243190946,1187,False,False,test_account_access,STATICCALL,target_coef
COLD_ACCOUNT_CODE_ACCESS,ethrex,0.02491074706390328,0.001,0.0239455956450686,0.025953710929591835,test_account_access,BALANCE,target_coef,presets[cold_account_code_access],0.0,0.9723884509286218,0.9721037957835561,AccountMode.EXISTING_CONTRACT,,BALANCE,2491.0747063903277,2492,False,False,test_account_access,BALANCE,target_coef
COLD_ACCOUNT_CODE_ACCESS,ethrex,0.002636215042741847,0.001,0.002622972708822844,0.00264862621922796,test_account_access,BALANCE,target_coef,presets[cold_account_code_access],0.0,0.9944690538346691,0.994412033771109,AccountMode.NON_EXISTING_ACCOUNT,,BALANCE,263.6215042741847,264,False,False,test_account_access,BALANCE,target_coef
COLD_ACCOUNT_CODE_ACCESS,ethrex,0.026041309426793575,0.001,0.02493274222974085,0.027180326408177892,test_account_access,CALL,target_coef,presets[cold_account_code_access],0.0,0.9713172913774111,0.9710215933503741,AccountMode.EXISTING_CONTRACT,,CALL,2604.1309426793573,2605,False,False,test_account_access,CALL,target_coef
COLD_ACCOUNT_CODE_ACCESS,ethrex,0.0026565416225308057,0.001,0.0026169060902395437,0.0026953045213652196,test_account_access,CALL,target_coef,presets[cold_account_code_access],0.0,0.995078525487124,0.9950277886364759,AccountMode.NON_EXISTING_ACCOUNT,,CALL,265.6541622530806,266,False,False,test_account_access,CALL,target_coef
COLD_ACCOUNT_CODE_ACCESS,ethrex,0.025780867208398773,0.001,0.02475942538178747,0.026761473288414557,test_account_access,CALLCODE,target_coef,presets[cold_account_code_access],0.0,0.9728160350141871,0.9725357879524777,AccountMode.EXISTING_CONTRACT,,CALLCODE,2578.086720839877,2579,False,False,test_account_access,CALLCODE,target_coef
COLD_ACCOUNT_CODE_ACCESS,ethrex,0.0026601146956098955,0.001,0.002617645886994934,0.0027006719263328776,test_account_access,CALLCODE,target_coef,presets[cold_account_code_access],0.0,0.9943768796293844,0.9943189093162852,AccountMode.NON_EXISTING_ACCOUNT,,CALLCODE,266.01146956098955,267,False,False,test_account_access,CALLCODE,target_coef
COLD_ACCOUNT_CODE_ACCESS,ethrex,0.025800389160107542,0.001,0.024766672572162446,0.02680141474583999,test_account_access,DELEGATECALL,target_coef,presets[cold_account_code_access],0.0,0.9730186725464529,0.9727405145314679,AccountMode.EXISTING_CONTRACT,,DELEGATECALL,2580.0389160107543,2581,False,False,test_account_access,DELEGATECALL,target_coef
COLD_ACCOUNT_CODE_ACCESS,ethrex,0.002683881870870122,0.001,0.002642393155283418,0.002712621418351803,test_account_access,DELEGATECALL,target_coef,presets[cold_account_code_access],0.0,0.9954575511544841,0.9954107217849427,AccountMode.NON_EXISTING_ACCOUNT,,DELEGATECALL,268.3881870870122,269,False,False,test_account_access,DELEGATECALL,target_coef
COLD_ACCOUNT_CODE_ACCESS,ethrex,0.00016020416729880965,0.001,0.00014428400317185083,0.00017635642150336554,test_account_access,EXTCODECOPY,target_coef,presets[cold_account_code_access],0.0,0.8349961173776105,0.8332950464227404,AccountMode.EXISTING_CONTRACT,,EXTCODECOPY,16.020416729880964,17,False,False,test_account_access,EXTCODECOPY,target_coef
COLD_ACCOUNT_CODE_ACCESS,ethrex,2.4851952376043825e-05,0.001,2.2294844022454887e-05,2.751934647476585e-05,test_account_access,EXTCODECOPY,target_coef,presets[cold_account_code_access],0.0,0.7506883982136974,0.7481181755148695,AccountMode.NON_EXISTING_ACCOUNT,,EXTCODECOPY,2.4851952376043824,3,False,False,test_account_access,EXTCODECOPY,target_coef
COLD_ACCOUNT_CODE_ACCESS,ethrex,0.02496053949921445,0.001,0.023943327178862755,0.026015574533400962,test_account_access,EXTCODEHASH,target_coef,presets[cold_account_code_access],0.0,0.971319115397146,0.9710234361744362,AccountMode.EXISTING_CONTRACT,,EXTCODEHASH,2496.053949921445,2497,False,False,test_account_access,EXTCODEHASH,target_coef
COLD_ACCOUNT_CODE_ACCESS,ethrex,0.002632614107272335,0.001,0.002611837726775583,0.00264481950642918,test_account_access,EXTCODEHASH,target_coef,presets[cold_account_code_access],0.0,0.9944572921459711,0.9944001508278884,AccountMode.NON_EXISTING_ACCOUNT,,EXTCODEHASH,263.2614107272335,264,False,False,test_account_access,EXTCODEHASH,target_coef
COLD_ACCOUNT_CODE_ACCESS,ethrex,0.025572116697017897,0.001,0.02450592423633186,0.026667560305440992,test_account_access,EXTCODESIZE,target_coef,presets[cold_account_code_access],0.0,0.9711861379172926,0.9708890877927285,AccountMode.EXISTING_CONTRACT,,EXTCODESIZE,2557.2116697017896,2558,False,False,test_account_access,EXTCODESIZE,target_coef
COLD_ACCOUNT_CODE_ACCESS,ethrex,0.002627474971313217,0.001,0.0026065969889058583,0.0026380308228537864,test_account_access,EXTCODESIZE,target_coef,presets[cold_account_code_access],0.0,0.9958178761215251,0.9957747614423655,AccountMode.NON_EXISTING_ACCOUNT,,EXTCODESIZE,262.7474971313217,263,False,False,test_account_access,EXTCODESIZE,target_coef
COLD_ACCOUNT_CODE_ACCESS,ethrex,0.02606579201808859,0.001,0.025049604998117436,0.027028552655091957,test_account_access,STATICCALL,target_coef,presets[cold_account_code_access],0.0,0.9749503613328995,0.9746921176353005,AccountMode.EXISTING_CONTRACT,,STATICCALL,2606.579201808859,2607,False,True,test_account_access,STATICCALL,target_coef
COLD_ACCOUNT_CODE_ACCESS,ethrex,0.002658528442335258,0.001,0.002618623443172585,0.002700171350939129,test_account_access,STATICCALL,target_coef,presets[cold_account_code_access],0.0,0.9952347727883936,0.9951856467346657,AccountMode.NON_EXISTING_ACCOUNT,,STATICCALL,265.8528442335258,266,False,False,test_account_access,STATICCALL,target_coef
COLD_ACCOUNT_CODE_ACCESS,nethermind,0.0244203159744321,0.001,0.022321731343511352,0.026482176523468886,test_account_access,BALANCE,target_coef,presets[cold_account_code_access],0.0,0.7068945670790273,0.7057758440526114,AccountMode.EXISTING_CONTRACT,,BALANCE,2442.03159744321,2443,False,False,test_account_access,BALANCE,target_coef
COLD_ACCOUNT_CODE_ACCESS,nethermind,0.003523771482838734,0.001,0.0033709839658735774,0.003659865411986655,test_account_access,BALANCE,target_coef,presets[cold_account_code_access],0.0,0.9286019860104312,0.9283294745066543,AccountMode.NON_EXISTING_ACCOUNT,,BALANCE,352.3771482838734,353,False,False,test_account_access,BALANCE,target_coef
COLD_ACCOUNT_CODE_ACCESS,nethermind,0.024420186327507927,0.001,0.022470323945203152,0.02666084154801919,test_account_access,CALL,target_coef,presets[cold_account_code_access],0.0,0.6895681684060723,0.6883833140870115,AccountMode.EXISTING_CONTRACT,,CALL,2442.0186327507927,2443,False,False,test_account_access,CALL,target_coef
COLD_ACCOUNT_CODE_ACCESS,nethermind,0.004685886942803813,0.001,0.004548999357925108,0.004808277742222603,test_account_access,CALL,target_coef,presets[cold_account_code_access],0.0,0.9521919902210214,0.9520095169012543,AccountMode.NON_EXISTING_ACCOUNT,,CALL,468.5886942803813,469,False,False,test_account_access,CALL,target_coef
COLD_ACCOUNT_CODE_ACCESS,nethermind,0.024697268479844842,0.001,0.02256270003200942,0.02683757859005016,test_account_access,CALLCODE,target_coef,presets[cold_account_code_access],0.0,0.6903594438769071,0.6891776096932312,AccountMode.EXISTING_CONTRACT,,CALLCODE,2469.7268479844843,2470,False,False,test_account_access,CALLCODE,target_coef
COLD_ACCOUNT_CODE_ACCESS,nethermind,0.004648519860681402,0.001,0.004495295239807651,0.004801013513438806,test_account_access,CALLCODE,target_coef,presets[cold_account_code_access],0.0,0.9324705349077113,0.9322127888577407,AccountMode.NON_EXISTING_ACCOUNT,,CALLCODE,464.85198606814026,465,False,False,test_account_access,CALLCODE,target_coef
COLD_ACCOUNT_CODE_ACCESS,nethermind,0.024962207437132913,0.001,0.02289591403570353,0.02691411421992948,test_account_access,DELEGATECALL,target_coef,presets[cold_account_code_access],0.0,0.6988350975558945,0.6976856131954208,AccountMode.EXISTING_CONTRACT,,DELEGATECALL,2496.2207437132915,2497,False,True,test_account_access,DELEGATECALL,target_coef
COLD_ACCOUNT_CODE_ACCESS,nethermind,0.00459128806717637,0.001,0.004452345876282222,0.004738300420090823,test_account_access,DELEGATECALL,target_coef,presets[cold_account_code_access],0.0,0.9370971472524917,0.9368570600282646,AccountMode.NON_EXISTING_ACCOUNT,,DELEGATECALL,459.128806717637,460,False,False,test_account_access,DELEGATECALL,target_coef
COLD_ACCOUNT_CODE_ACCESS,nethermind,0.0013865090539862672,0.001,0.0013273143227402952,0.0014501836046832454,test_account_access,EXTCODECOPY,target_coef,presets[cold_account_code_access],0.0,0.8833066790196338,0.8828612846647469,AccountMode.EXISTING_CONTRACT,,EXTCODECOPY,138.65090539862672,139,False,False,test_account_access,EXTCODECOPY,target_coef
COLD_ACCOUNT_CODE_ACCESS,nethermind,0.00036047008108445994,0.001,0.0003418480593278106,0.00037866766151791045,test_account_access,EXTCODECOPY,target_coef,presets[cold_account_code_access],0.0,0.8488724247972292,0.8482956019911119,AccountMode.NON_EXISTING_ACCOUNT,,EXTCODECOPY,36.04700810844599,37,False,False,test_account_access,EXTCODECOPY,target_coef
COLD_ACCOUNT_CODE_ACCESS,nethermind,0.02415524862374573,0.001,0.02232263205946238,0.026255141391783754,test_account_access,EXTCODEHASH,target_coef,presets[cold_account_code_access],0.0,0.6957272995117839,0.6945659533267143,AccountMode.EXISTING_CONTRACT,,EXTCODEHASH,2415.524862374573,2416,False,False,test_account_access,EXTCODEHASH,target_coef
COLD_ACCOUNT_CODE_ACCESS,nethermind,0.0038492025060289435,0.001,0.0037170168159559687,0.00396610478391901,test_account_access,EXTCODEHASH,target_coef,presets[cold_account_code_access],0.0,0.9333520933072954,0.9330977119840408,AccountMode.NON_EXISTING_ACCOUNT,,EXTCODEHASH,384.9202506028943,385,False,False,test_account_access,EXTCODEHASH,target_coef
COLD_ACCOUNT_CODE_ACCESS,nethermind,0.023991696169979728,0.001,0.022050730745227183,0.02606529131302169,test_account_access,EXTCODESIZE,target_coef,presets[cold_account_code_access],0.0,0.7062386074875233,0.7051173807985444,AccountMode.EXISTING_CONTRACT,,EXTCODESIZE,2399.1696169979728,2400,False,False,test_account_access,EXTCODESIZE,target_coef
COLD_ACCOUNT_CODE_ACCESS,nethermind,0.003838678640751254,0.001,0.003720024362636363,0.003963716944494381,test_account_access,EXTCODESIZE,target_coef,presets[cold_account_code_access],0.0,0.9287341484096268,0.928462141342488,AccountMode.NON_EXISTING_ACCOUNT,,EXTCODESIZE,383.86786407512545,384,False,False,test_account_access,EXTCODESIZE,target_coef
COLD_ACCOUNT_CODE_ACCESS,nethermind,0.024897536481593378,0.001,0.022878681432623404,0.02683144896382656,test_account_access,STATICCALL,target_coef,presets[cold_account_code_access],0.0,0.7075665951661915,0.7064504371324747,AccountMode.EXISTING_CONTRACT,,STATICCALL,2489.753648159338,2490,False,False,test_account_access,STATICCALL,target_coef
COLD_ACCOUNT_CODE_ACCESS,nethermind,0.004666375616171672,0.001,0.004507451405074249,0.0048336630631314855,test_account_access,STATICCALL,target_coef,presets[cold_account_code_access],0.0,0.9301294252627926,0.9298627436798261,AccountMode.NON_EXISTING_ACCOUNT,,STATICCALL,466.6375616171672,467,False,False,test_account_access,STATICCALL,target_coef
COLD_ACCOUNT_CODE_ACCESS,reth,0.03108079752429263,0.001,0.0295201206336124,0.03262723014253832,test_account_access,BALANCE,target_coef,presets[cold_account_code_access],0.0,0.7834767559083258,0.782994521511685,AccountMode.EXISTING_CONTRACT,,BALANCE,3108.0797524292634,3109,False,False,test_account_access,BALANCE,target_coef
COLD_ACCOUNT_CODE_ACCESS,reth,0.0009283444824842587,0.001,0.000912193878747662,0.0009421931564220191,test_account_access,BALANCE,target_coef,presets[cold_account_code_access],0.0,0.971375621117011,0.9713118697163807,AccountMode.NON_EXISTING_ACCOUNT,,BALANCE,92.83444824842587,93,False,False,test_account_access,BALANCE,target_coef
COLD_ACCOUNT_CODE_ACCESS,reth,0.03528912794581049,0.001,0.033748694873537044,0.03713803062486494,test_account_access,CALL,target_coef,presets[cold_account_code_access],0.0,0.8461254875166015,0.8457827825890216,AccountMode.EXISTING_CONTRACT,,CALL,3528.912794581049,3529,False,False,test_account_access,CALL,target_coef
COLD_ACCOUNT_CODE_ACCESS,reth,0.0009635940750397512,0.001,0.0009480972703884159,0.000980666641046238,test_account_access,CALL,target_coef,presets[cold_account_code_access],0.0,0.9735549257749622,0.9734960280595389,AccountMode.NON_EXISTING_ACCOUNT,,CALL,96.35940750397512,97,False,False,test_account_access,CALL,target_coef
COLD_ACCOUNT_CODE_ACCESS,reth,0.02874349762335503,0.001,0.026992397697340197,0.03046287905685526,test_account_access,CALLCODE,target_coef,presets[cold_account_code_access],0.0,0.7795499836846183,0.7790590036928245,AccountMode.EXISTING_CONTRACT,,CALLCODE,2874.349762335503,2875,False,False,test_account_access,CALLCODE,target_coef
COLD_ACCOUNT_CODE_ACCESS,reth,0.0009678006115349278,0.001,0.0009519605863231351,0.000983082196909407,test_account_access,CALLCODE,target_coef,presets[cold_account_code_access],0.0,0.9732969894142471,0.9732375172303145,AccountMode.NON_EXISTING_ACCOUNT,,CALLCODE,96.7800611534928,97,False,False,test_account_access,CALLCODE,target_coef
COLD_ACCOUNT_CODE_ACCESS,reth,0.03754924787588531,0.001,0.037182900867404535,0.03794601687030181,test_account_access,DELEGATECALL,target_coef,presets[cold_account_code_access],0.0,0.9153891248915127,0.9152006819625406,AccountMode.EXISTING_CONTRACT,,DELEGATECALL,3754.924787588531,3755,False,True,test_account_access,DELEGATECALL,target_coef
COLD_ACCOUNT_CODE_ACCESS,reth,0.0009567638891595972,0.001,0.0009424577767526464,0.0009690199529250212,test_account_access,DELEGATECALL,target_coef,presets[cold_account_code_access],0.0,0.9757018156146103,0.9756476993910349,AccountMode.NON_EXISTING_ACCOUNT,,DELEGATECALL,95.67638891595972,96,False,False,test_account_access,DELEGATECALL,target_coef
COLD_ACCOUNT_CODE_ACCESS,reth,7.754540229951249e-05,0.001,7.346790028571956e-05,8.209803243443158e-05,test_account_access,EXTCODECOPY,target_coef,presets[cold_account_code_access],0.0,0.7545944540775849,0.7540478938416775,AccountMode.EXISTING_CONTRACT,,EXTCODECOPY,7.754540229951249,8,False,False,test_account_access,EXTCODECOPY,target_coef
COLD_ACCOUNT_CODE_ACCESS,reth,1.674180183779388e-05,0.001,1.5683024660165168e-05,1.7882414446408764e-05,test_account_access,EXTCODECOPY,target_coef,presets[cold_account_code_access],0.0,0.7090544349442858,0.7084064492760103,AccountMode.NON_EXISTING_ACCOUNT,,EXTCODECOPY,1.674180183779388,2,False,False,test_account_access,EXTCODECOPY,target_coef
COLD_ACCOUNT_CODE_ACCESS,reth,0.03499718540487346,0.001,0.0337699699361261,0.03640677432959623,test_account_access,EXTCODEHASH,target_coef,presets[cold_account_code_access],0.0,0.8473126852131454,0.8469726243784308,AccountMode.EXISTING_CONTRACT,,EXTCODEHASH,3499.718540487346,3500,False,False,test_account_access,EXTCODEHASH,target_coef
COLD_ACCOUNT_CODE_ACCESS,reth,0.0009116197193454333,0.001,0.0008964560643412567,0.0009264193758863181,test_account_access,EXTCODEHASH,target_coef,presets[cold_account_code_access],0.0,0.9664926722596485,0.9664180456945253,AccountMode.NON_EXISTING_ACCOUNT,,EXTCODEHASH,91.16197193454333,92,False,False,test_account_access,EXTCODEHASH,target_coef
COLD_ACCOUNT_CODE_ACCESS,reth,0.03599673272664602,0.001,0.03453295974822957,0.03758494151932005,test_account_access,EXTCODESIZE,target_coef,presets[cold_account_code_access],0.0,0.887613371231977,0.8873630669362799,AccountMode.EXISTING_CONTRACT,,EXTCODESIZE,3599.673272664602,3600,False,False,test_account_access,EXTCODESIZE,target_coef
COLD_ACCOUNT_CODE_ACCESS,reth,0.0009205357503581542,0.001,0.0009070465820386872,0.0009351605760711436,test_account_access,EXTCODESIZE,target_coef,presets[cold_account_code_access],0.0,0.9732238887401105,0.9731642537484403,AccountMode.NON_EXISTING_ACCOUNT,,EXTCODESIZE,92.05357503581541,93,False,False,test_account_access,EXTCODESIZE,target_coef
COLD_ACCOUNT_CODE_ACCESS,reth,0.0349946484803841,0.001,0.03401934617759029,0.03598783413368659,test_account_access,STATICCALL,target_coef,presets[cold_account_code_access],0.0,0.8917637433200553,0.8915226826147548,AccountMode.EXISTING_CONTRACT,,STATICCALL,3499.46484803841,3500,False,False,test_account_access,STATICCALL,target_coef
COLD_ACCOUNT_CODE_ACCESS,reth,0.0009756603884680407,0.001,0.000960357971747938,0.0009906950066571234,test_account_access,STATICCALL,target_coef,presets[cold_account_code_access],0.0,0.9728756851362858,0.9728152746354757,AccountMode.NON_EXISTING_ACCOUNT,,STATICCALL,97.56603884680406,98,False,False,test_account_access,STATICCALL,target_coef
COLD_ACCOUNT_NOCODE_WRITE,besu,0.07261727092247168,0.001,0.07045942518863235,0.07459879261867487,test_account_access,CALL,target_coef,presets[cold_account_nocode_write],0.0,0.951478902644036,0.9513357725633399,AccountMode.EXISTING_EOA,,CALL,7261.727092247168,7262,False,True,test_account_access,CALL,target_coef
COLD_ACCOUNT_NOCODE_WRITE,besu,0.05772822010277913,0.001,0.04134871181830684,0.07425810357348642,test_account_access,CALL,target_coef,presets[cold_account_nocode_write],0.0,0.17904470063961797,0.17662300359135719,AccountMode.NON_EXISTING_ACCOUNT,,CALL,5772.822010277913,5773,True,False,test_account_access,CALL,target_coef
COLD_ACCOUNT_NOCODE_WRITE,besu,0.013753971817348366,0.001,0.013218838959477354,0.014275104628086656,test_account_access,CALLCODE,target_coef,presets[cold_account_nocode_write],0.0,0.8834991502459009,0.8831554899221424,AccountMode.EXISTING_EOA,,CALLCODE,1375.3971817348367,1376,False,False,test_account_access,CALLCODE,target_coef
COLD_ACCOUNT_NOCODE_WRITE,besu,0.003443848047001115,0.001,0.0029522540895521193,0.00394437695606733,test_account_access,CALLCODE,target_coef,presets[cold_account_nocode_write],0.0,0.41634561863420416,0.41462392429389205,AccountMode.NON_EXISTING_ACCOUNT,,CALLCODE,344.3848047001115,345,True,False,test_account_access,CALLCODE,target_coef
COLD_ACCOUNT_NOCODE_WRITE,erigon,0.2324138105436293,0.001,0.22635561849877317,0.23860247873651186,test_account_access,CALL,target_coef,presets[cold_account_nocode_write],0.0,0.9674810070313644,0.9672941162671769,AccountMode.EXISTING_EOA,,CALL,23241.38105436293,23242,False,False,test_account_access,CALL,target_coef
COLD_ACCOUNT_NOCODE_WRITE,erigon,1.6731782854405879,0.001,1.5270710600240807,1.8241598068551452,test_account_access,CALL,target_coef,presets[cold_account_nocode_write],0.0,0.7358936134052445,0.7343757606087229,AccountMode.NON_EXISTING_ACCOUNT,,CALL,167317.8285440588,167318,False,True,test_account_access,CALL,target_coef
COLD_ACCOUNT_NOCODE_WRITE,erigon,0.008161852161468757,0.001,0.007965333755808272,0.008356128684357795,test_account_access,CALLCODE,target_coef,presets[cold_account_nocode_write],0.0,0.976055142001476,0.9759175278750477,AccountMode.EXISTING_EOA,,CALLCODE,816.1852161468757,817,False,False,test_account_access,CALLCODE,target_coef
COLD_ACCOUNT_NOCODE_WRITE,erigon,0.001833062787637979,0.001,0.0016852652905769935,0.0019659885786554475,test_account_access,CALLCODE,target_coef,presets[cold_account_nocode_write],0.0,0.7950090676876779,0.7938309588812853,AccountMode.NON_EXISTING_ACCOUNT,,CALLCODE,183.30627876379788,184,False,False,test_account_access,CALLCODE,target_coef
COLD_ACCOUNT_NOCODE_WRITE,ethrex,0.03452076135217751,0.001,0.03361030599355965,0.03539439375126707,test_account_access,CALL,target_coef,presets[cold_account_nocode_write],0.0,0.9863320481887371,0.9861911414690333,AccountMode.EXISTING_EOA,,CALL,3452.0761352177515,3453,False,True,test_account_access,CALL,target_coef
COLD_ACCOUNT_NOCODE_WRITE,ethrex,0.017051562967930176,0.001,0.015904468715214094,0.018185986112193735,test_account_access,CALL,target_coef,presets[cold_account_nocode_write],0.0,0.9132761445705733,0.9123820842053214,AccountMode.NON_EXISTING_ACCOUNT,,CALL,1705.1562967930176,1706,False,False,test_account_access,CALL,target_coef
COLD_ACCOUNT_NOCODE_WRITE,ethrex,0.024192502006381143,0.001,0.023599551140172065,0.024770649212894284,test_account_access,CALLCODE,target_coef,presets[cold_account_nocode_write],0.0,0.9898017541488967,0.9896966175937307,AccountMode.EXISTING_EOA,,CALLCODE,2419.2502006381146,2420,False,False,test_account_access,CALLCODE,target_coef
COLD_ACCOUNT_NOCODE_WRITE,ethrex,0.0003230962397999925,0.001,0.00028312795053420434,0.00036508944883488536,test_account_access,CALLCODE,target_coef,presets[cold_account_nocode_write],0.0,0.6608360801511004,0.6573395448949262,AccountMode.NON_EXISTING_ACCOUNT,,CALLCODE,32.30962397999925,33,False,False,test_account_access,CALLCODE,target_coef
COLD_ACCOUNT_NOCODE_WRITE,nethermind,0.03296638082450741,0.001,0.03148711332625812,0.03435961893205596,test_account_access,CALL,target_coef,presets[cold_account_nocode_write],0.0,0.8746778623349066,0.8741995335651925,AccountMode.EXISTING_EOA,,CALL,3296.638082450741,3297,False,False,test_account_access,CALL,target_coef
COLD_ACCOUNT_NOCODE_WRITE,nethermind,0.059285045045501125,0.001,0.05570408955797989,0.06273496642645929,test_account_access,CALL,target_coef,presets[cold_account_nocode_write],0.0,0.7923565995178155,0.7915640674549064,AccountMode.NON_EXISTING_ACCOUNT,,CALL,5928.504504550112,5929,False,True,test_account_access,CALL,target_coef
COLD_ACCOUNT_NOCODE_WRITE,nethermind,0.005356325374745939,0.001,0.005067334035860936,0.005684521642095205,test_account_access,CALLCODE,target_coef,presets[cold_account_nocode_write],0.0,0.8492113688047447,0.8486358396780452,AccountMode.EXISTING_EOA,,CALLCODE,535.6325374745938,536,False,False,test_account_access,CALLCODE,target_coef
COLD_ACCOUNT_NOCODE_WRITE,nethermind,0.002498241307906962,0.001,0.0023130078207249773,0.002677900364781008,test_account_access,CALLCODE,target_coef,presets[cold_account_nocode_write],0.0,0.7273197817728682,0.7262790175811615,AccountMode.NON_EXISTING_ACCOUNT,,CALLCODE,249.82413079069622,250,False,False,test_account_access,CALLCODE,target_coef
COLD_ACCOUNT_NOCODE_WRITE,reth,0.14728573629166913,0.001,0.1432773381057613,0.15125033057941475,test_account_access,CALL,target_coef,presets[cold_account_nocode_write],0.0,0.9496590989644067,0.9495469811447284,AccountMode.EXISTING_EOA,,CALL,14728.573629166915,14729,False,True,test_account_access,CALL,target_coef
COLD_ACCOUNT_NOCODE_WRITE,reth,0.006769116556828367,0.072,0.0,0.016282121001305598,test_account_access,CALL,target_coef,presets[cold_account_nocode_write],0.0,0.006909076880855736,0.004697293087717269,AccountMode.NON_EXISTING_ACCOUNT,,CALL,676.9116556828367,677,True,False,test_account_access,CALL,target_coef
COLD_ACCOUNT_NOCODE_WRITE,reth,0.001181327667381372,0.001,0.0011546817273760618,0.0012109010482929618,test_account_access,CALLCODE,target_coef,presets[cold_account_nocode_write],0.0,0.9362700047494554,0.9361280671208351,AccountMode.EXISTING_EOA,,CALLCODE,118.1327667381372,119,False,False,test_account_access,CALLCODE,target_coef
COLD_ACCOUNT_NOCODE_WRITE,reth,0.0002375844673029588,0.001,0.00022819338680213022,0.00024771389860961407,test_account_access,CALLCODE,target_coef,presets[cold_account_nocode_write],0.0,0.7817541406093607,0.7812680696530341,AccountMode.NON_EXISTING_ACCOUNT,,CALLCODE,23.75844673029588,24,False,False,test_account_access,CALLCODE,target_coef
COLD_ACCOUNT_CODE_WRITE,besu,0.09914845503652357,0.001,0.09596844337617923,0.10223559804119568,test_account_access,CALL,target_coef,presets[cold_account_code_write],0.0,0.9238260131681235,0.9236013111420708,AccountMode.EXISTING_CONTRACT,,CALL,9914.845503652357,9915,False,True,test_account_access,CALL,target_coef
COLD_ACCOUNT_CODE_WRITE,besu,0.05772822010277913,0.001,0.04134871181830684,0.07425810357348642,test_account_access,CALL,target_coef,presets[cold_account_code_write],0.0,0.17904470063961797,0.17662300359135719,AccountMode.NON_EXISTING_ACCOUNT,,CALL,5772.822010277913,5773,True,False,test_account_access,CALL,target_coef
COLD_ACCOUNT_CODE_WRITE,besu,0.022430157332334822,0.001,0.021336501155449942,0.023527023696590207,test_account_access,CALLCODE,target_coef,presets[cold_account_code_write],0.0,0.8811354797147918,0.8807848469115905,AccountMode.EXISTING_CONTRACT,,CALLCODE,2243.015733233482,2244,False,False,test_account_access,CALLCODE,target_coef
COLD_ACCOUNT_CODE_WRITE,besu,0.003443848047001115,0.001,0.0029522540895521193,0.00394437695606733,test_account_access,CALLCODE,target_coef,presets[cold_account_code_write],0.0,0.41634561863420416,0.41462392429389205,AccountMode.NON_EXISTING_ACCOUNT,,CALLCODE,344.3848047001115,345,True,False,test_account_access,CALLCODE,target_coef
COLD_ACCOUNT_CODE_WRITE,erigon,1.1441135929878785,0.001,1.1001520191282717,1.186275033763596,test_account_access,CALL,target_coef,presets[cold_account_code_write],0.0,0.9467642978698412,0.9464583455587483,AccountMode.EXISTING_CONTRACT,,CALL,114411.35929878785,114412,False,False,test_account_access,CALL,target_coef
COLD_ACCOUNT_CODE_WRITE,erigon,1.6731782854405879,0.001,1.5270710600240807,1.8241598068551452,test_account_access,CALL,target_coef,presets[cold_account_code_write],0.0,0.7358936134052445,0.7343757606087229,AccountMode.NON_EXISTING_ACCOUNT,,CALL,167317.8285440588,167318,False,True,test_account_access,CALL,target_coef
COLD_ACCOUNT_CODE_WRITE,erigon,0.08288459761193237,0.001,0.0790945125519863,0.08601023601912425,test_account_access,CALLCODE,target_coef,presets[cold_account_code_write],0.0,0.9027312676434096,0.9021722519402108,AccountMode.EXISTING_CONTRACT,,CALLCODE,8288.459761193237,8289,False,False,test_account_access,CALLCODE,target_coef
COLD_ACCOUNT_CODE_WRITE,erigon,0.001833062787637979,0.001,0.0016852652905769935,0.0019659885786554475,test_account_access,CALLCODE,target_coef,presets[cold_account_code_write],0.0,0.7950090676876779,0.7938309588812853,AccountMode.NON_EXISTING_ACCOUNT,,CALLCODE,183.30627876379788,184,False,False,test_account_access,CALLCODE,target_coef
COLD_ACCOUNT_CODE_WRITE,ethrex,0.036150981675709654,0.001,0.035192342099278295,0.037078594619469045,test_account_access,CALL,target_coef,presets[cold_account_code_write],0.0,0.9850602382566416,0.9849062200943389,AccountMode.EXISTING_CONTRACT,,CALL,3615.0981675709654,3616,False,True,test_account_access,CALL,target_coef
COLD_ACCOUNT_CODE_WRITE,ethrex,0.017051562967930176,0.001,0.015904468715214094,0.018185986112193735,test_account_access,CALL,target_coef,presets[cold_account_code_write],0.0,0.9132761445705733,0.9123820842053214,AccountMode.NON_EXISTING_ACCOUNT,,CALL,1705.1562967930176,1706,False,False,test_account_access,CALL,target_coef
COLD_ACCOUNT_CODE_WRITE,ethrex,0.024392717421611795,0.001,0.023739038450836577,0.02501454996041951,test_account_access,CALLCODE,target_coef,presets[cold_account_code_write],0.0,0.987685284324793,0.9875583284930898,AccountMode.EXISTING_CONTRACT,,CALLCODE,2439.2717421611796,2440,False,False,test_account_access,CALLCODE,target_coef
COLD_ACCOUNT_CODE_WRITE,ethrex,0.0003230962397999925,0.001,0.00028312795053420434,0.00036508944883488536,test_account_access,CALLCODE,target_coef,presets[cold_account_code_write],0.0,0.6608360801511004,0.6573395448949262,AccountMode.NON_EXISTING_ACCOUNT,,CALLCODE,32.30962397999925,33,False,False,test_account_access,CALLCODE,target_coef
COLD_ACCOUNT_CODE_WRITE,nethermind,0.05664268368762804,0.001,0.054068558520690674,0.058837012428145874,test_account_access,CALL,target_coef,presets[cold_account_code_write],0.0,0.8897224863266014,0.8893015797858633,AccountMode.EXISTING_CONTRACT,,CALL,5664.268368762803,5665,False,False,test_account_access,CALL,target_coef
COLD_ACCOUNT_CODE_WRITE,nethermind,0.059285045045501125,0.001,0.05570408955797989,0.06273496642645929,test_account_access,CALL,target_coef,presets[cold_account_code_write],0.0,0.7923565995178155,0.7915640674549064,AccountMode.NON_EXISTING_ACCOUNT,,CALL,5928.504504550112,5929,False,True,test_account_access,CALL,target_coef
COLD_ACCOUNT_CODE_WRITE,nethermind,0.027893325008546008,0.001,0.026353448527030608,0.029502736113250147,test_account_access,CALLCODE,target_coef,presets[cold_account_code_write],0.0,0.8126013886870196,0.8118861268117792,AccountMode.EXISTING_CONTRACT,,CALLCODE,2789.3325008546008,2790,False,False,test_account_access,CALLCODE,target_coef
COLD_ACCOUNT_CODE_WRITE,nethermind,0.002498241307906962,0.001,0.0023130078207249773,0.002677900364781008,test_account_access,CALLCODE,target_coef,presets[cold_account_code_write],0.0,0.7273197817728682,0.7262790175811615,AccountMode.NON_EXISTING_ACCOUNT,,CALLCODE,249.82413079069622,250,False,False,test_account_access,CALLCODE,target_coef
COLD_ACCOUNT_CODE_WRITE,reth,0.15144080071786004,0.001,0.14875616210925008,0.15425713338956698,test_account_access,CALL,target_coef,presets[cold_account_code_write],0.0,0.9709244782414707,0.9708597220682891,AccountMode.EXISTING_CONTRACT,,CALL,15144.080071786004,15145,False,True,test_account_access,CALL,target_coef
COLD_ACCOUNT_CODE_WRITE,reth,0.006769116556828367,0.072,0.0,0.016282121001305598,test_account_access,CALL,target_coef,presets[cold_account_code_write],0.0,0.006909076880855736,0.004697293087717269,AccountMode.NON_EXISTING_ACCOUNT,,CALL,676.9116556828367,677,True,False,test_account_access,CALL,target_coef
COLD_ACCOUNT_CODE_WRITE,reth,0.013204042163578953,0.001,0.011174211180546905,0.015129883137201481,test_account_access,CALLCODE,target_coef,presets[cold_account_code_write],0.0,0.4076242701299926,0.4063049477917521,AccountMode.EXISTING_CONTRACT,,CALLCODE,1320.4042163578954,1321,True,False,test_account_access,CALLCODE,target_coef
COLD_ACCOUNT_CODE_WRITE,reth,0.0002375844673029588,0.001,0.00022819338680213022,0.00024771389860961407,test_account_access,CALLCODE,target_coef,presets[cold_account_code_write],0.0,0.7817541406093607,0.7812680696530341,AccountMode.NON_EXISTING_ACCOUNT,,CALLCODE,23.75844673029588,24,False,False,test_account_access,CALLCODE,target_coef
WARM_ACCESS,besu,0.0001681011725957482,0.001,0.00015780425614207106,0.0001784219899834319,test_ext_account_query_warm,BALANCE,target_coef,presets[warm_account_access],0.0,0.7703011805426638,0.7696236029041467,,,BALANCE,16.81011725957482,17,False,False,test_ext_account_query_warm,BALANCE,target_coef
WARM_ACCESS,besu,0.0012308867511216274,0.001,0.0011193151233099019,0.0013364072461543308,test_ext_account_query_warm,CALL,target_coef,presets[warm_account_access],0.0,0.592769206899564,0.5915679361234566,,,CALL,123.08867511216275,124,False,False,test_ext_account_query_warm,CALL,target_coef
WARM_ACCESS,besu,0.0012332021418790013,0.001,0.0011179218223897692,0.0013440892148598822,test_ext_account_query_warm,CALLCODE,target_coef,presets[warm_account_access],0.0,0.5943700842077572,0.5931735357835912,,,CALLCODE,123.32021418790013,124,False,True,test_ext_account_query_warm,CALLCODE,target_coef
WARM_ACCESS,besu,0.0012009757584010119,0.001,0.0010820109709011746,0.0013214072992462336,test_ext_account_query_warm,DELEGATECALL,target_coef,presets[warm_account_access],0.0,0.5860127762918593,0.5847915750419828,,,DELEGATECALL,120.09757584010119,121,False,False,test_ext_account_query_warm,DELEGATECALL,target_coef
WARM_ACCESS,besu,0.00015765679833585909,0.001,0.00014902146810868164,0.00016679590431933753,test_ext_account_query_warm,EXTCODEHASH,target_coef,presets[warm_account_access],0.0,0.799743545016099,0.7991528180102468,,,EXTCODEHASH,15.76567983358591,16,False,False,test_ext_account_query_warm,EXTCODEHASH,target_coef
WARM_ACCESS,besu,0.00016015217374843566,0.001,0.0001511095294871731,0.00016920834578323105,test_ext_account_query_warm,EXTCODESIZE,target_coef,presets[warm_account_access],0.0,0.7940720509109437,0.7934645938339848,,,EXTCODESIZE,16.015217374843566,17,False,False,test_ext_account_query_warm,EXTCODESIZE,target_coef
WARM_ACCESS,besu,0.0011928421726891294,0.001,0.0010880885447802566,0.0012902645979533322,test_ext_account_query_warm,STATICCALL,target_coef,presets[warm_account_access],0.0,0.5945010806744264,0.5933049186705162,,,STATICCALL,119.28421726891294,120,False,False,test_ext_account_query_warm,STATICCALL,target_coef
WARM_ACCESS,besu,0.0001367186061255463,0.001,0.00013159739901608895,0.0001419581858574487,test_storage_sload_same_key_benchmark,SLOAD,target_coef,presets[warm_storage_access_sload],0.0,0.8061081182833502,0.8058229831631787,,,,13.67186061255463,14,False,False,test_storage_sload_same_key_benchmark,SLOAD,target_coef
WARM_ACCESS,erigon,5.0680690866283624e-05,0.001,4.6954477551897195e-05,5.406330132020321e-05,test_ext_account_query_warm,BALANCE,target_coef,presets[warm_account_access],0.0,0.8492593524855462,0.8483930269251183,,,BALANCE,5.068069086628362,6,False,False,test_ext_account_query_warm,BALANCE,target_coef
WARM_ACCESS,erigon,0.0005013325011284027,0.001,0.00047710679661999586,0.0005279733834131923,test_ext_account_query_warm,CALL,target_coef,presets[warm_account_access],0.0,0.8984076471732964,0.8978237830765912,,,CALL,50.13325011284027,51,False,False,test_ext_account_query_warm,CALL,target_coef
WARM_ACCESS,erigon,0.00029255199323480956,0.001,0.00027826103507297065,0.00030772547230393756,test_ext_account_query_warm,CALLCODE,target_coef,presets[warm_account_access],0.0,0.9021626305907857,0.9016003468585488,,,CALLCODE,29.255199323480955,30,False,False,test_ext_account_query_warm,CALLCODE,target_coef
WARM_ACCESS,erigon,0.0002857068937149287,0.001,0.00027174717789962014,0.0003005974496881138,test_ext_account_query_warm,DELEGATECALL,target_coef,presets[warm_account_access],0.0,0.8970161261573139,0.8964242648133904,,,DELEGATECALL,28.570689371492872,29,False,False,test_ext_account_query_warm,DELEGATECALL,target_coef
WARM_ACCESS,erigon,0.00026293619793683285,0.001,0.00024330670295202907,0.0002777924147035803,test_ext_account_query_warm,EXTCODEHASH,target_coef,presets[warm_account_access],0.0,0.8488329495840072,0.8479641734321912,,,EXTCODEHASH,26.293619793683284,27,False,False,test_ext_account_query_warm,EXTCODEHASH,target_coef
WARM_ACCESS,erigon,3.9009604640560424e-05,0.001,3.5488811342459325e-05,4.234946579406485e-05,test_ext_account_query_warm,EXTCODESIZE,target_coef,presets[warm_account_access],0.0,0.7456353625585781,0.7441734968261562,,,EXTCODESIZE,3.9009604640560425,4,False,False,test_ext_account_query_warm,EXTCODESIZE,target_coef
WARM_ACCESS,erigon,0.0005033595702914561,0.001,0.00047699585749915683,0.0005287883228951947,test_ext_account_query_warm,STATICCALL,target_coef,presets[warm_account_access],0.0,0.9056123161567373,0.9050698582036151,,,STATICCALL,50.33595702914561,51,False,True,test_ext_account_query_warm,STATICCALL,target_coef
WARM_ACCESS,erigon,4.908124273525126e-05,0.001,4.7047873334476635e-05,5.118171849179792e-05,test_storage_sload_same_key_benchmark,SLOAD,target_coef,presets[warm_storage_access_sload],0.0,0.8576141681937672,0.8572073515314638,,,,4.908124273525126,5,False,False,test_storage_sload_same_key_benchmark,SLOAD,target_coef
WARM_ACCESS,ethrex,1.2189103107858104e-05,0.001,1.1253206000177273e-05,1.321298710531408e-05,test_ext_account_query_warm,BALANCE,target_coef,presets[warm_account_access],0.0,0.8397963865981283,0.83814480295481,,,BALANCE,1.2189103107858104,2,False,False,test_ext_account_query_warm,BALANCE,target_coef
WARM_ACCESS,ethrex,7.528687201354186e-05,0.001,6.900659638524763e-05,8.129313045288714e-05,test_ext_account_query_warm,CALL,target_coef,presets[warm_account_access],0.0,0.8738138369434343,0.8725129486645006,,,CALL,7.528687201354186,8,False,True,test_ext_account_query_warm,CALL,target_coef
WARM_ACCESS,ethrex,7.1342602295842e-05,0.001,6.455503195171827e-05,7.824917520149624e-05,test_ext_account_query_warm,CALLCODE,target_coef,presets[warm_account_access],0.0,0.835935783016227,0.8342443993359818,,,CALLCODE,7.1342602295842,8,False,False,test_ext_account_query_warm,CALLCODE,target_coef
WARM_ACCESS,ethrex,7.160475833873315e-05,0.001,6.629050745225513e-05,7.744405317149435e-05,test_ext_account_query_warm,DELEGATECALL,target_coef,presets[warm_account_access],0.0,0.8743699045721259,0.8730747489491582,,,DELEGATECALL,7.160475833873314,8,False,False,test_ext_account_query_warm,DELEGATECALL,target_coef
WARM_ACCESS,ethrex,9.549436301112744e-06,0.001,8.652902058928162e-06,1.0524529381120203e-05,test_ext_account_query_warm,EXTCODEHASH,target_coef,presets[warm_account_access],0.0,0.8085222587806528,0.8065482614484946,,,EXTCODEHASH,0.9549436301112744,1,False,False,test_ext_account_query_warm,EXTCODEHASH,target_coef
WARM_ACCESS,ethrex,1.0716595523657011e-05,0.001,9.458158466859082e-06,1.206770343300773e-05,test_ext_account_query_warm,EXTCODESIZE,target_coef,presets[warm_account_access],0.0,0.7824893309458296,0.7802469529143433,,,EXTCODESIZE,1.071659552365701,2,False,False,test_ext_account_query_warm,EXTCODESIZE,target_coef
WARM_ACCESS,ethrex,7.200822194474716e-05,0.001,6.492485151450533e-05,7.85626418870949e-05,test_ext_account_query_warm,STATICCALL,target_coef,presets[warm_account_access],0.0,0.8671300259653016,0.8657602324185522,,,STATICCALL,7.200822194474716,8,False,False,test_ext_account_query_warm,STATICCALL,target_coef
WARM_ACCESS,ethrex,1.9570624513854473e-05,0.001,1.8453459758904383e-05,2.0716801499784148e-05,test_storage_sload_same_key_benchmark,SLOAD,target_coef,presets[warm_storage_access_sload],0.0,0.8618859956409655,0.8611813323534194,,,,1.9570624513854473,2,False,False,test_storage_sload_same_key_benchmark,SLOAD,target_coef
WARM_ACCESS,nethermind,0.00016884094912710332,0.001,0.00016130837863008517,0.00017645431715408862,test_ext_account_query_warm,BALANCE,target_coef,presets[warm_account_access],0.0,0.8634661262105752,0.8629450045548903,,,BALANCE,16.88409491271033,17,False,False,test_ext_account_query_warm,BALANCE,target_coef
WARM_ACCESS,nethermind,0.0006614793303662179,0.001,0.0006147796564914394,0.0007083846524229938,test_ext_account_query_warm,CALL,target_coef,presets[warm_account_access],0.0,0.7926956616697983,0.7919044237372403,,,CALL,66.1479330366218,67,False,False,test_ext_account_query_warm,CALL,target_coef
WARM_ACCESS,nethermind,0.0006986026647070629,0.001,0.0006583760785257645,0.0007388384386660928,test_ext_account_query_warm,CALLCODE,target_coef,presets[warm_account_access],0.0,0.8186840933765565,0.8179920479314289,,,CALLCODE,69.86026647070629,70,False,False,test_ext_account_query_warm,CALLCODE,target_coef
WARM_ACCESS,nethermind,0.0006635178644820185,0.001,0.0006211802442705515,0.0007043505434162664,test_ext_account_query_warm,DELEGATECALL,target_coef,presets[warm_account_access],0.0,0.8232464319542961,0.8225718000151905,,,DELEGATECALL,66.35178644820185,67,False,False,test_ext_account_query_warm,DELEGATECALL,target_coef
WARM_ACCESS,nethermind,0.0002862927173777272,0.001,0.00026884495459170827,0.0003035151232171097,test_ext_account_query_warm,EXTCODEHASH,target_coef,presets[warm_account_access],0.0,0.7951036060766079,0.7943215587715567,,,EXTCODEHASH,28.62927173777272,29,False,False,test_ext_account_query_warm,EXTCODEHASH,target_coef
WARM_ACCESS,nethermind,0.00021794551256306902,0.001,0.00020843770432632015,0.00022836547116575795,test_ext_account_query_warm,EXTCODESIZE,target_coef,presets[warm_account_access],0.0,0.8796910244700124,0.8792318299069208,,,EXTCODESIZE,21.794551256306903,22,False,False,test_ext_account_query_warm,EXTCODESIZE,target_coef
WARM_ACCESS,nethermind,0.0007277760196971278,0.001,0.0006870238631719447,0.0007688267809641855,test_ext_account_query_warm,STATICCALL,target_coef,presets[warm_account_access],0.0,0.832129283105158,0.8314885551780784,,,STATICCALL,72.77760196971278,73,False,True,test_ext_account_query_warm,STATICCALL,target_coef
WARM_ACCESS,nethermind,0.0001810312534143437,0.001,0.00017508227890867493,0.0001866867484031164,test_storage_sload_same_key_benchmark,SLOAD,target_coef,presets[warm_storage_access_sload],0.0,0.871136393762441,0.8708914059178829,,,,18.10312534143437,19,False,False,test_storage_sload_same_key_benchmark,SLOAD,target_coef
WARM_ACCESS,reth,6.603459613080976e-06,0.001,6.215674964939459e-06,6.9902052355219324e-06,test_ext_account_query_warm,BALANCE,target_coef,presets[warm_account_access],0.0,0.6885707024906013,0.6878770960373509,,,BALANCE,0.6603459613080975,1,False,False,test_ext_account_query_warm,BALANCE,target_coef
WARM_ACCESS,reth,4.959464776249196e-05,0.001,4.7692886190342046e-05,5.1392594978153515e-05,test_ext_account_query_warm,CALL,target_coef,presets[warm_account_access],0.0,0.8824668058333278,0.882205039253892,,,CALL,4.959464776249196,5,False,True,test_ext_account_query_warm,CALL,target_coef
WARM_ACCESS,reth,4.732727640100051e-05,0.001,4.570392475064464e-05,4.891979946687227e-05,test_ext_account_query_warm,CALLCODE,target_coef,presets[warm_account_access],0.0,0.9054792174202446,0.9052687034278621,,,CALLCODE,4.732727640100051,5,False,False,test_ext_account_query_warm,CALLCODE,target_coef
WARM_ACCESS,reth,4.8059472586165325e-05,0.001,4.652445022218876e-05,4.953754707175854e-05,test_ext_account_query_warm,DELEGATECALL,target_coef,presets[warm_account_access],0.0,0.9191544246133608,0.9189743676525888,,,DELEGATECALL,4.805947258616533,5,False,False,test_ext_account_query_warm,DELEGATECALL,target_coef
WARM_ACCESS,reth,8.140440847220208e-06,0.001,7.601022034563741e-06,8.666432630805902e-06,test_ext_account_query_warm,EXTCODEHASH,target_coef,presets[warm_account_access],0.0,0.6795062102154024,0.6787924155833653,,,EXTCODEHASH,0.8140440847220208,1,False,False,test_ext_account_query_warm,EXTCODEHASH,target_coef
WARM_ACCESS,reth,5.9210728962665374e-06,0.001,5.558698269846217e-06,6.33542242406454e-06,test_ext_account_query_warm,EXTCODESIZE,target_coef,presets[warm_account_access],0.0,0.7094304516513656,0.7087833034367808,,,EXTCODESIZE,0.5921072896266537,1,False,False,test_ext_account_query_warm,EXTCODESIZE,target_coef
WARM_ACCESS,reth,4.689360806990509e-05,0.001,4.556296421995779e-05,4.83090036058253e-05,test_ext_account_query_warm,STATICCALL,target_coef,presets[warm_account_access],0.0,0.9173885438859911,0.9172045540060044,,,STATICCALL,4.68936080699051,5,False,False,test_ext_account_query_warm,STATICCALL,target_coef
WARM_ACCESS,reth,5.233350527928665e-06,0.001,5.022294031178829e-06,5.438190206495427e-06,test_storage_sload_same_key_benchmark,SLOAD,target_coef,presets[warm_storage_access_sload],0.0,0.7040339244145143,0.7037050732194193,,,,0.5233350527928666,1,False,False,test_storage_sload_same_key_benchmark,SLOAD,target_coef
STORAGE_WRITE,,,,,,<derived>,<derived>,<derived>,<derived>,0.0,,,,,,100416.0,100416,False,False,,,
ACCOUNT_WRITE,,,,,,<derived>,<derived>,<derived>,<derived>,0.0,,,,,,164838.0,164838,False,False,,,
REFUND_STORAGE_CLEAR,,,,,,<derived>,<derived>,<derived>,<derived>,0.0,,,,,,99623.04,99624,False,False,,,
TX_ACCESS_LIST_STORAGE_KEY,,,,,,<derived>,<derived>,<derived>,<derived>,0.0,,,,,,3358.0,3358,False,False,,,
TX_ACCESS_LIST_ADDRESS,,,,,,<derived>,<derived>,<derived>,<derived>,0.0,,,,,,8828.0,8828,False,False,,,
